{
"meta":{"test_sets":[],"test_metrics":[],"learn_metrics":[{"best_value":"Min","name":"MultiClass"}],"launch_mode":"Train","parameters":"","iteration_count":1000,"learn_sets":["learn"],"name":"experiment"},
"iterations":[
{"learn":[1.293116417],"iteration":0,"passed_time":2.263148841,"remaining_time":2260.885692},
{"learn":[1.027653134],"iteration":1,"passed_time":4.435711745,"remaining_time":2213.420161},
{"learn":[0.8493898421],"iteration":2,"passed_time":6.579147975,"remaining_time":2186.470177},
{"learn":[0.7189515751],"iteration":3,"passed_time":8.820799313,"remaining_time":2196.379029},
{"learn":[0.6133458122],"iteration":4,"passed_time":11.18572618,"remaining_time":2225.95951},
{"learn":[0.5314930129],"iteration":5,"passed_time":13.40592701,"remaining_time":2220.915241},
{"learn":[0.4646538449],"iteration":6,"passed_time":15.69597487,"remaining_time":2226.58615},
{"learn":[0.4068474967],"iteration":7,"passed_time":18.12969559,"remaining_time":2248.082254},
{"learn":[0.3585234579],"iteration":8,"passed_time":20.37575912,"remaining_time":2243.597476},
{"learn":[0.3175549521],"iteration":9,"passed_time":22.62170492,"remaining_time":2239.548787},
{"learn":[0.2829832996],"iteration":10,"passed_time":24.78737829,"remaining_time":2228.610648},
{"learn":[0.2505928114],"iteration":11,"passed_time":27.15738237,"remaining_time":2235.957815},
{"learn":[0.2249045017],"iteration":12,"passed_time":29.43893244,"remaining_time":2235.094332},
{"learn":[0.2028629441],"iteration":13,"passed_time":31.79425029,"remaining_time":2239.223628},
{"learn":[0.1814327938],"iteration":14,"passed_time":34.07128276,"remaining_time":2237.347568},
{"learn":[0.163995946],"iteration":15,"passed_time":36.37435328,"remaining_time":2237.022727},
{"learn":[0.1486079483],"iteration":16,"passed_time":38.71257553,"remaining_time":2238.49775},
{"learn":[0.1351219175],"iteration":17,"passed_time":40.9496268,"remaining_time":2234.02964},
{"learn":[0.1226412533],"iteration":18,"passed_time":43.38337323,"remaining_time":2239.95206},
{"learn":[0.1120348219],"iteration":19,"passed_time":45.87459287,"remaining_time":2247.855051},
{"learn":[0.10301583],"iteration":20,"passed_time":48.25461883,"remaining_time":2249.584373},
{"learn":[0.09356266326],"iteration":21,"passed_time":50.76004729,"remaining_time":2256.51483},
{"learn":[0.08654015554],"iteration":22,"passed_time":53.29479573,"remaining_time":2263.870236},
{"learn":[0.08077947536],"iteration":23,"passed_time":55.58769445,"remaining_time":2260.566241},
{"learn":[0.07468529346],"iteration":24,"passed_time":57.99218317,"remaining_time":2261.695144},
{"learn":[0.06917869714],"iteration":25,"passed_time":60.55378852,"remaining_time":2268.438078},
{"learn":[0.06479561442],"iteration":26,"passed_time":63.22591487,"remaining_time":2278.474636},
{"learn":[0.06066591298],"iteration":27,"passed_time":65.66093902,"remaining_time":2279.372597},
{"learn":[0.05613210165],"iteration":28,"passed_time":68.0950094,"remaining_time":2280.008763},
{"learn":[0.0507324563],"iteration":29,"passed_time":70.54347017,"remaining_time":2280.905535},
{"learn":[0.04716414414],"iteration":30,"passed_time":73.00431848,"remaining_time":2281.973697},
{"learn":[0.04370499588],"iteration":31,"passed_time":75.39512002,"remaining_time":2280.702381},
{"learn":[0.04057478894],"iteration":32,"passed_time":78.01331502,"remaining_time":2286.026534},
{"learn":[0.03803681479],"iteration":33,"passed_time":80.58488088,"remaining_time":2289.558674},
{"learn":[0.03560553499],"iteration":34,"passed_time":83.06426533,"remaining_time":2290.200458},
{"learn":[0.03383569358],"iteration":35,"passed_time":85.62502152,"remaining_time":2292.847798},
{"learn":[0.03193595125],"iteration":36,"passed_time":88.1791761,"remaining_time":2295.0418},
{"learn":[0.03052855339],"iteration":37,"passed_time":90.6142066,"remaining_time":2293.970178},
{"learn":[0.02896448231],"iteration":38,"passed_time":93.2490945,"remaining_time":2297.753329},
{"learn":[0.02766514702],"iteration":39,"passed_time":95.71402879,"remaining_time":2297.136691},
{"learn":[0.02636741356],"iteration":40,"passed_time":98.21325627,"remaining_time":2297.232019},
{"learn":[0.02537753783],"iteration":41,"passed_time":100.8783398,"remaining_time":2300.986893},
{"learn":[0.0244684112],"iteration":42,"passed_time":103.4011869,"remaining_time":2301.277577},
{"learn":[0.02346473728],"iteration":43,"passed_time":105.8659333,"remaining_time":2300.178006},
{"learn":[0.02240258631],"iteration":44,"passed_time":108.314861,"remaining_time":2298.68205},
{"learn":[0.02150888939],"iteration":45,"passed_time":110.9977986,"remaining_time":2301.997823},
{"learn":[0.0206792291],"iteration":46,"passed_time":114.5249193,"remaining_time":2322.175491},
{"learn":[0.01998648748],"iteration":47,"passed_time":118.4104025,"remaining_time":2348.472983},
{"learn":[0.01922631886],"iteration":48,"passed_time":121.9420323,"remaining_time":2366.670871},
{"learn":[0.01865780734],"iteration":49,"passed_time":125.4680434,"remaining_time":2383.892825},
{"learn":[0.01831538331],"iteration":50,"passed_time":129.1883439,"remaining_time":2403.916438},
{"learn":[0.01775067666],"iteration":51,"passed_time":132.9965306,"remaining_time":2424.629057},
{"learn":[0.01732656068],"iteration":52,"passed_time":136.765946,"remaining_time":2443.723601},
{"learn":[0.01687571341],"iteration":53,"passed_time":140.3998834,"remaining_time":2459.597958},
{"learn":[0.01636335726],"iteration":54,"passed_time":144.0949182,"remaining_time":2475.812686},
{"learn":[0.01597963881],"iteration":55,"passed_time":147.9036141,"remaining_time":2493.232352},
{"learn":[0.01580338693],"iteration":56,"passed_time":151.3905474,"remaining_time":2504.583969},
{"learn":[0.01547151512],"iteration":57,"passed_time":155.051111,"remaining_time":2518.243906},
{"learn":[0.01505545576],"iteration":58,"passed_time":158.7338308,"remaining_time":2531.670081},
{"learn":[0.01469802117],"iteration":59,"passed_time":162.1604822,"remaining_time":2540.514221},
{"learn":[0.01442838522],"iteration":60,"passed_time":165.5653674,"remaining_time":2548.620983},
{"learn":[0.01401966769],"iteration":61,"passed_time":169.0250378,"remaining_time":2557.185249},
{"learn":[0.01379404721],"iteration":62,"passed_time":172.6399614,"remaining_time":2567.676886},
{"learn":[0.01357075695],"iteration":63,"passed_time":176.3135845,"remaining_time":2578.586174},
{"learn":[0.01344324181],"iteration":64,"passed_time":179.9236265,"remaining_time":2588.132165},
{"learn":[0.0131985018],"iteration":65,"passed_time":183.4243974,"remaining_time":2595.733139},
{"learn":[0.01288592864],"iteration":66,"passed_time":187.1533707,"remaining_time":2606.18052},
{"learn":[0.01269614873],"iteration":67,"passed_time":190.8290939,"remaining_time":2615.48111},
{"learn":[0.01253908504],"iteration":68,"passed_time":194.4878376,"remaining_time":2624.176476},
{"learn":[0.01220140645],"iteration":69,"passed_time":198.1343461,"remaining_time":2632.356312},
{"learn":[0.01212712497],"iteration":70,"passed_time":201.7140571,"remaining_time":2639.329},
{"learn":[0.01195817138],"iteration":71,"passed_time":205.4590436,"remaining_time":2648.138784},
{"learn":[0.0117454105],"iteration":72,"passed_time":208.7256414,"remaining_time":2650.52972},
{"learn":[0.01158822566],"iteration":73,"passed_time":212.2817165,"remaining_time":2656.390128},
{"learn":[0.01146841633],"iteration":74,"passed_time":215.9002317,"remaining_time":2662.769524},
{"learn":[0.0113458345],"iteration":75,"passed_time":219.6578095,"remaining_time":2670.576526},
{"learn":[0.01122309929],"iteration":76,"passed_time":223.4013395,"remaining_time":2677.914758},
{"learn":[0.01028881116],"iteration":77,"passed_time":226.9014856,"remaining_time":2682.09192},
{"learn":[0.01013308485],"iteration":78,"passed_time":230.4170406,"remaining_time":2686.254359},
{"learn":[0.0098504005],"iteration":79,"passed_time":234.1750567,"remaining_time":2693.013153},
{"learn":[0.009765251873],"iteration":80,"passed_time":237.9181686,"remaining_time":2699.343173},
{"learn":[0.009597587309],"iteration":81,"passed_time":241.6800902,"remaining_time":2705.638083},
{"learn":[0.009516938437],"iteration":82,"passed_time":245.2625833,"remaining_time":2709.7083},
{"learn":[0.009412251271],"iteration":83,"passed_time":248.7131745,"remaining_time":2712.15795},
{"learn":[0.009268937029],"iteration":84,"passed_time":252.4959014,"remaining_time":2718.044115},
{"learn":[0.009217500216],"iteration":85,"passed_time":256.0974786,"remaining_time":2721.780179},
{"learn":[0.009088123389],"iteration":86,"passed_time":259.856702,"remaining_time":2727.001941},
{"learn":[0.008963907338],"iteration":87,"passed_time":263.7094207,"remaining_time":2732.988541},
{"learn":[0.008867926575],"iteration":88,"passed_time":267.3477986,"remaining_time":2736.56005},
{"learn":[0.008805564679],"iteration":89,"passed_time":270.7197066,"remaining_time":2737.277033},
{"learn":[0.008730666136],"iteration":90,"passed_time":274.3235729,"remaining_time":2740.221185},
{"learn":[0.008685801068],"iteration":91,"passed_time":277.849964,"remaining_time":2742.258341},
{"learn":[0.008594527707],"iteration":92,"passed_time":281.3970655,"remaining_time":2744.377832},
{"learn":[0.008484290363],"iteration":93,"passed_time":285.0320403,"remaining_time":2747.223708},
{"learn":[0.00837585373],"iteration":94,"passed_time":288.74828,"remaining_time":2750.707299},
{"learn":[0.008301379731],"iteration":95,"passed_time":292.3350656,"remaining_time":2752.821867},
{"learn":[0.008238800104],"iteration":96,"passed_time":296.0466783,"remaining_time":2755.980933},
{"learn":[0.008165576357],"iteration":97,"passed_time":299.8254609,"remaining_time":2759.618018},
{"learn":[0.008102138554],"iteration":98,"passed_time":303.5476451,"remaining_time":2762.590184},
{"learn":[0.007991018643],"iteration":99,"passed_time":307.1711003,"remaining_time":2764.539903},
{"learn":[0.007902708841],"iteration":100,"passed_time":310.668388,"remaining_time":2765.256246},
{"learn":[0.007805131304],"iteration":101,"passed_time":314.3803952,"remaining_time":2767.780342},
{"learn":[0.007752583648],"iteration":102,"passed_time":318.0508209,"remaining_time":2769.821227},
{"learn":[0.007730276188],"iteration":103,"passed_time":321.6027797,"remaining_time":2770.731641},
{"learn":[0.007663743059],"iteration":104,"passed_time":325.2643349,"remaining_time":2772.491236},
{"learn":[0.00757868807],"iteration":105,"passed_time":328.9192707,"remaining_time":2774.092717},
{"learn":[0.007534829481],"iteration":106,"passed_time":332.4969949,"remaining_time":2774.951556},
{"learn":[0.007455145362],"iteration":107,"passed_time":335.9018324,"remaining_time":2774.30032},
{"learn":[0.007392291195],"iteration":108,"passed_time":339.2303762,"remaining_time":2772.97491},
{"learn":[0.007317376952],"iteration":109,"passed_time":343.0259139,"remaining_time":2775.391485},
{"learn":[0.007226827962],"iteration":110,"passed_time":346.5552049,"remaining_time":2775.563758},
{"learn":[0.007194123919],"iteration":111,"passed_time":350.175439,"remaining_time":2776.390981},
{"learn":[0.007160084296],"iteration":112,"passed_time":353.8820743,"remaining_time":2777.817698},
{"learn":[0.00710365442],"iteration":113,"passed_time":357.6965188,"remaining_time":2779.992242},
{"learn":[0.007035674369],"iteration":114,"passed_time":361.2779508,"remaining_time":2780.269448},
{"learn":[0.007012305698],"iteration":115,"passed_time":364.9550389,"remaining_time":2781.209089},
{"learn":[0.006984030011],"iteration":116,"passed_time":368.6321979,"remaining_time":2782.070348},
{"learn":[0.006940693642],"iteration":117,"passed_time":372.2782664,"remaining_time":2782.622296},
{"learn":[0.006905319381],"iteration":118,"passed_time":375.898385,"remaining_time":2782.911573},
{"learn":[0.006884772283],"iteration":119,"passed_time":379.5952984,"remaining_time":2783.698855},
{"learn":[0.006864529959],"iteration":120,"passed_time":383.0914286,"remaining_time":2782.953436},
{"learn":[0.006843908016],"iteration":121,"passed_time":386.6625332,"remaining_time":2782.702493},
{"learn":[0.00682382123],"iteration":122,"passed_time":390.365313,"remaining_time":2783.336419},
{"learn":[0.006781293859],"iteration":123,"passed_time":394.18694,"remaining_time":2784.739995},
{"learn":[0.006734597223],"iteration":124,"passed_time":397.9258073,"remaining_time":2785.480651},
{"learn":[0.006724141626],"iteration":125,"passed_time":401.6290238,"remaining_time":2785.902911},
{"learn":[0.006697239389],"iteration":126,"passed_time":405.2991366,"remaining_time":2786.032648},
{"learn":[0.006644833907],"iteration":127,"passed_time":409.0555087,"remaining_time":2786.690653},
{"learn":[0.006599154474],"iteration":128,"passed_time":412.7611736,"remaining_time":2786.937846},
{"learn":[0.006557505096],"iteration":129,"passed_time":416.1524675,"remaining_time":2785.020359},
{"learn":[0.006521990115],"iteration":130,"passed_time":419.7790578,"remaining_time":2784.641231},
{"learn":[0.006494539192],"iteration":131,"passed_time":423.4015973,"remaining_time":2784.186261},
{"learn":[0.006474510679],"iteration":132,"passed_time":427.0214368,"remaining_time":2783.666058},
{"learn":[0.006448584821],"iteration":133,"passed_time":430.8155793,"remaining_time":2784.226058},
{"learn":[0.006411029502],"iteration":134,"passed_time":434.4796768,"remaining_time":2783.888299},
{"learn":[0.006389383667],"iteration":135,"passed_time":438.120032,"remaining_time":2783.350791},
{"learn":[0.006354242063],"iteration":136,"passed_time":441.569302,"remaining_time":2781.56429},
{"learn":[0.006305018002],"iteration":137,"passed_time":445.2199326,"remaining_time":2781.011463},
{"learn":[0.006272760845],"iteration":138,"passed_time":448.9853515,"remaining_time":2781.125091},
{"learn":[0.00626274685],"iteration":139,"passed_time":452.4732029,"remaining_time":2779.478246},
{"learn":[0.006243605367],"iteration":140,"passed_time":456.4723672,"remaining_time":2780.920308},
{"learn":[0.006203906084],"iteration":141,"passed_time":460.1418627,"remaining_time":2780.29379},
{"learn":[0.006182704165],"iteration":142,"passed_time":463.7548029,"remaining_time":2779.285777},
{"learn":[0.006152120857],"iteration":143,"passed_time":467.3396877,"remaining_time":2778.07481},
{"learn":[0.006133371234],"iteration":144,"passed_time":470.9228698,"remaining_time":2776.82106},
{"learn":[0.00612270517],"iteration":145,"passed_time":474.6658157,"remaining_time":2776.469908},
{"learn":[0.006099309727],"iteration":146,"passed_time":478.2027908,"remaining_time":2774.877419},
{"learn":[0.00607604882],"iteration":147,"passed_time":481.7679108,"remaining_time":2773.420675},
{"learn":[0.006035999983],"iteration":148,"passed_time":485.4346879,"remaining_time":2772.516238},
{"learn":[0.006002970661],"iteration":149,"passed_time":489.1126038,"remaining_time":2771.638088},
{"learn":[0.00597749685],"iteration":150,"passed_time":492.6924198,"remaining_time":2770.171287},
{"learn":[0.005950250639],"iteration":151,"passed_time":496.2377162,"remaining_time":2768.484101},
{"learn":[0.005931139898],"iteration":152,"passed_time":499.9625804,"remaining_time":2767.766703},
{"learn":[0.005908405525],"iteration":153,"passed_time":503.415338,"remaining_time":2765.515428},
{"learn":[0.005895055155],"iteration":154,"passed_time":506.8833065,"remaining_time":2763.331574},
{"learn":[0.005878798558],"iteration":155,"passed_time":510.4367211,"remaining_time":2761.593542},
{"learn":[0.005843015113],"iteration":156,"passed_time":513.9782195,"remaining_time":2759.768402},
{"learn":[0.005825626781],"iteration":157,"passed_time":517.6987875,"remaining_time":2758.875817},
{"learn":[0.005806124493],"iteration":158,"passed_time":521.4162371,"remaining_time":2757.931166},
{"learn":[0.00578063073],"iteration":159,"passed_time":525.2960037,"remaining_time":2757.80402},
{"learn":[0.005754153819],"iteration":160,"passed_time":529.2258263,"remaining_time":2757.891107},
{"learn":[0.005727237732],"iteration":161,"passed_time":533.1069399,"remaining_time":2757.67664},
{"learn":[0.005715625065],"iteration":162,"passed_time":536.8433874,"remaining_time":2756.674326},
{"learn":[0.005692685655],"iteration":163,"passed_time":540.6714706,"remaining_time":2756.105789},
{"learn":[0.005681171437],"iteration":164,"passed_time":544.5934256,"remaining_time":2755.97279},
{"learn":[0.005605982239],"iteration":165,"passed_time":548.4144951,"remaining_time":2755.287283},
{"learn":[0.005593931764],"iteration":166,"passed_time":552.0804086,"remaining_time":2753.790302},
{"learn":[0.005583618181],"iteration":167,"passed_time":555.8531107,"remaining_time":2752.796358},
{"learn":[0.005573852981],"iteration":168,"passed_time":559.6850763,"remaining_time":2752.060938},
{"learn":[0.005565870683],"iteration":169,"passed_time":564.0311285,"remaining_time":2753.799039},
{"learn":[0.005546378944],"iteration":170,"passed_time":567.8910672,"remaining_time":2753.109326},
{"learn":[0.005487272537],"iteration":171,"passed_time":571.77783,"remaining_time":2752.51188},
{"learn":[0.005457438729],"iteration":172,"passed_time":575.7575662,"remaining_time":2752.320851},
{"learn":[0.005427103229],"iteration":173,"passed_time":579.6996101,"remaining_time":2751.907344},
{"learn":[0.005400462877],"iteration":174,"passed_time":583.6868719,"remaining_time":2751.666682},
{"learn":[0.005399416654],"iteration":175,"passed_time":587.6737173,"remaining_time":2751.381495},
{"learn":[0.005384316838],"iteration":176,"passed_time":591.8375516,"remaining_time":2751.877429},
{"learn":[0.005367748859],"iteration":177,"passed_time":595.8738985,"remaining_time":2751.732273},
{"learn":[0.005351821979],"iteration":178,"passed_time":599.9644858,"remaining_time":2751.792418},
{"learn":[0.005334521557],"iteration":179,"passed_time":604.1317937,"remaining_time":2752.155949},
{"learn":[0.005313159553],"iteration":180,"passed_time":607.945481,"remaining_time":2750.869331},
{"learn":[0.005300324828],"iteration":181,"passed_time":612.0322696,"remaining_time":2750.782399},
{"learn":[0.005286956548],"iteration":182,"passed_time":615.7639796,"remaining_time":2749.06651},
{"learn":[0.005271361683],"iteration":183,"passed_time":619.2989256,"remaining_time":2746.456105},
{"learn":[0.005257643],"iteration":184,"passed_time":622.96832,"remaining_time":2744.428004},
{"learn":[0.00524979195],"iteration":185,"passed_time":625.6418253,"remaining_time":2738.023902},
{"learn":[0.005242872299],"iteration":186,"passed_time":628.0517539,"remaining_time":2730.513775},
{"learn":[0.00523099421],"iteration":187,"passed_time":630.3250651,"remaining_time":2722.467835},
{"learn":[0.005218067978],"iteration":188,"passed_time":632.6386935,"remaining_time":2714.655981},
{"learn":[0.005201752137],"iteration":189,"passed_time":635.0393031,"remaining_time":2707.272818},
{"learn":[0.005180484735],"iteration":190,"passed_time":637.3072875,"remaining_time":2699.380082},
{"learn":[0.005170219096],"iteration":191,"passed_time":639.6660768,"remaining_time":2691.928073},
{"learn":[0.005165256645],"iteration":192,"passed_time":642.0337899,"remaining_time":2684.566158},
{"learn":[0.00515908891],"iteration":193,"passed_time":644.3904462,"remaining_time":2677.209792},
{"learn":[0.005142047858],"iteration":194,"passed_time":646.7885574,"remaining_time":2670.07584},
{"learn":[0.005135969839],"iteration":195,"passed_time":649.0250278,"remaining_time":2662.327155},
{"learn":[0.005129999638],"iteration":196,"passed_time":651.3219956,"remaining_time":2654.881028},
{"learn":[0.005123443877],"iteration":197,"passed_time":653.6643823,"remaining_time":2647.670882},
{"learn":[0.005111541333],"iteration":198,"passed_time":655.8401719,"remaining_time":2639.839084},
{"learn":[0.005097012184],"iteration":199,"passed_time":658.0005539,"remaining_time":2632.002216},
{"learn":[0.005083327622],"iteration":200,"passed_time":660.3179312,"remaining_time":2624.845906},
{"learn":[0.005037494442],"iteration":201,"passed_time":662.6545202,"remaining_time":2617.813401},
{"learn":[0.005015999519],"iteration":202,"passed_time":664.9119102,"remaining_time":2610.516219},
{"learn":[0.005007630701],"iteration":203,"passed_time":667.1570297,"remaining_time":2603.220567},
{"learn":[0.0049978029],"iteration":204,"passed_time":669.370659,"remaining_time":2595.852068},
{"learn":[0.004974662745],"iteration":205,"passed_time":671.545644,"remaining_time":2588.384667},
{"learn":[0.004962956013],"iteration":206,"passed_time":673.7562033,"remaining_time":2581.104682},
{"learn":[0.004956290537],"iteration":207,"passed_time":676.0528955,"remaining_time":2574.20141},
{"learn":[0.004945870238],"iteration":208,"passed_time":678.2653956,"remaining_time":2567.023579},
{"learn":[0.004929791994],"iteration":209,"passed_time":680.5178775,"remaining_time":2560.043444},
{"learn":[0.004917507648],"iteration":210,"passed_time":682.7548628,"remaining_time":2553.050174},
{"learn":[0.004917056896],"iteration":211,"passed_time":684.5220685,"remaining_time":2544.355613},
{"learn":[0.004899706933],"iteration":212,"passed_time":686.7402909,"remaining_time":2537.39253},
{"learn":[0.004881565706],"iteration":213,"passed_time":688.9833021,"remaining_time":2530.564838},
{"learn":[0.00487561201],"iteration":214,"passed_time":691.1933871,"remaining_time":2523.659576},
{"learn":[0.004866326785],"iteration":215,"passed_time":693.4003856,"remaining_time":2516.786585},
{"learn":[0.004852382083],"iteration":216,"passed_time":695.5792973,"remaining_time":2509.855252},
{"learn":[0.00483450106],"iteration":217,"passed_time":697.8638506,"remaining_time":2503.346473},
{"learn":[0.004820155873],"iteration":218,"passed_time":700.0466502,"remaining_time":2496.513396},
{"learn":[0.004808514833],"iteration":219,"passed_time":702.2372462,"remaining_time":2489.750237},
{"learn":[0.004802481419],"iteration":220,"passed_time":704.4603811,"remaining_time":2483.143153},
{"learn":[0.004784893184],"iteration":221,"passed_time":706.7504055,"remaining_time":2476.80998},
{"learn":[0.004780351837],"iteration":222,"passed_time":708.9943809,"remaining_time":2470.352619},
{"learn":[0.004774741693],"iteration":223,"passed_time":711.2370586,"remaining_time":2463.928382},
{"learn":[0.004767807551],"iteration":224,"passed_time":713.4468194,"remaining_time":2457.427934},
{"learn":[0.004758565744],"iteration":225,"passed_time":715.6543167,"remaining_time":2450.957704},
{"learn":[0.004754263676],"iteration":226,"passed_time":717.8476263,"remaining_time":2444.476719},
{"learn":[0.00474842409],"iteration":227,"passed_time":720.0362534,"remaining_time":2438.01749},
{"learn":[0.004742615069],"iteration":228,"passed_time":722.262292,"remaining_time":2431.721516},
{"learn":[0.004736432526],"iteration":229,"passed_time":724.4776074,"remaining_time":2425.425033},
{"learn":[0.004725189222],"iteration":230,"passed_time":726.6854435,"remaining_time":2419.138987},
{"learn":[0.004707402875],"iteration":231,"passed_time":728.9577572,"remaining_time":2413.101541},
{"learn":[0.004703295679],"iteration":232,"passed_time":731.0839729,"remaining_time":2406.615482},
{"learn":[0.004697513959],"iteration":233,"passed_time":733.290694,"remaining_time":2400.430221},
{"learn":[0.004687789248],"iteration":234,"passed_time":735.5280053,"remaining_time":2394.3784},
{"learn":[0.004683064172],"iteration":235,"passed_time":737.6753899,"remaining_time":2388.067788},
{"learn":[0.004677904635],"iteration":236,"passed_time":739.814714,"remaining_time":2381.766358},
{"learn":[0.004665946001],"iteration":237,"passed_time":742.2380659,"remaining_time":2376.40927},
{"learn":[0.004662649614],"iteration":238,"passed_time":744.8089766,"remaining_time":2371.546574},
{"learn":[0.004655435653],"iteration":239,"passed_time":747.0428626,"remaining_time":2365.635732},
{"learn":[0.004650358128],"iteration":240,"passed_time":749.3845563,"remaining_time":2360.09493},
{"learn":[0.004646939109],"iteration":241,"passed_time":751.5575214,"remaining_time":2354.052071},
{"learn":[0.004632777366],"iteration":242,"passed_time":753.8401396,"remaining_time":2348.382657},
{"learn":[0.004628687843],"iteration":243,"passed_time":756.0865545,"remaining_time":2342.628833},
{"learn":[0.004622821808],"iteration":244,"passed_time":758.3322164,"remaining_time":2336.90132},
{"learn":[0.004620305643],"iteration":245,"passed_time":760.5584188,"remaining_time":2331.142471},
{"learn":[0.00460673986],"iteration":246,"passed_time":762.7425122,"remaining_time":2325.283853},
{"learn":[0.004606301355],"iteration":247,"passed_time":764.9656108,"remaining_time":2319.573142},
{"learn":[0.004602121405],"iteration":248,"passed_time":767.1934285,"remaining_time":2313.904678},
{"learn":[0.004598337942],"iteration":249,"passed_time":769.4468996,"remaining_time":2308.340699},
{"learn":[0.004593634848],"iteration":250,"passed_time":771.7761267,"remaining_time":2303.029159},
{"learn":[0.004586154434],"iteration":251,"passed_time":774.0200131,"remaining_time":2297.487975},
{"learn":[0.004576310409],"iteration":252,"passed_time":776.2088075,"remaining_time":2291.810195},
{"learn":[0.004574254744],"iteration":253,"passed_time":778.4290369,"remaining_time":2286.252211},
{"learn":[0.00456550528],"iteration":254,"passed_time":780.7148119,"remaining_time":2280.911902},
{"learn":[0.004561833111],"iteration":255,"passed_time":782.9225398,"remaining_time":2275.368631},
{"learn":[0.004559101459],"iteration":256,"passed_time":785.0964391,"remaining_time":2269.753518},
{"learn":[0.004554648917],"iteration":257,"passed_time":787.2703501,"remaining_time":2264.165116},
{"learn":[0.004542024898],"iteration":258,"passed_time":789.5647743,"remaining_time":2258.947868},
{"learn":[0.004532499686],"iteration":259,"passed_time":791.8367801,"remaining_time":2253.689297},
{"learn":[0.00452271207],"iteration":260,"passed_time":794.0944833,"remaining_time":2248.413116},
{"learn":[0.004521649653],"iteration":261,"passed_time":796.2158906,"remaining_time":2242.776058},
{"learn":[0.004518967911],"iteration":262,"passed_time":798.5063215,"remaining_time":2237.639388},
{"learn":[0.004515173024],"iteration":263,"passed_time":800.6599055,"remaining_time":2232.142767},
{"learn":[0.004507769224],"iteration":264,"passed_time":802.9531917,"remaining_time":2227.058852},
{"learn":[0.004497925361],"iteration":265,"passed_time":805.4858457,"remaining_time":2222.656431},
{"learn":[0.004495171781],"iteration":266,"passed_time":807.9569438,"remaining_time":2218.099026},
{"learn":[0.004493985106],"iteration":267,"passed_time":810.3879088,"remaining_time":2213.447572},
{"learn":[0.004491227408],"iteration":268,"passed_time":812.7614824,"remaining_time":2208.656668},
{"learn":[0.004469341947],"iteration":269,"passed_time":815.0897609,"remaining_time":2203.761205},
{"learn":[0.004469041987],"iteration":270,"passed_time":817.5395301,"remaining_time":2199.211503},
{"learn":[0.004468944894],"iteration":271,"passed_time":819.230184,"remaining_time":2192.645492},
{"learn":[0.004457608544],"iteration":272,"passed_time":821.5054045,"remaining_time":2187.671901},
{"learn":[0.004457525506],"iteration":273,"passed_time":822.9779957,"remaining_time":2180.591332},
{"learn":[0.00445052275],"iteration":274,"passed_time":825.1618688,"remaining_time":2175.426745},
{"learn":[0.004441917738],"iteration":275,"passed_time":827.4731638,"remaining_time":2170.618009},
{"learn":[0.004439168461],"iteration":276,"passed_time":829.7267974,"remaining_time":2165.676803},
{"learn":[0.004436451758],"iteration":277,"passed_time":832.0695632,"remaining_time":2160.98642},
{"learn":[0.0044288719],"iteration":278,"passed_time":834.4146975,"remaining_time":2156.318985},
{"learn":[0.004418915693],"iteration":279,"passed_time":836.6418708,"remaining_time":2151.364811},
{"learn":[0.004416111944],"iteration":280,"passed_time":838.7756169,"remaining_time":2146.190991},
{"learn":[0.004414659891],"iteration":281,"passed_time":841.0378164,"remaining_time":2141.365788},
{"learn":[0.004408909044],"iteration":282,"passed_time":843.2324438,"remaining_time":2136.387499},
{"learn":[0.004408808232],"iteration":283,"passed_time":845.5031525,"remaining_time":2131.620624},
{"learn":[0.004406593617],"iteration":284,"passed_time":847.8168814,"remaining_time":2126.979194},
{"learn":[0.00439749213],"iteration":285,"passed_time":850.2451221,"remaining_time":2122.63992},
{"learn":[0.004394951231],"iteration":286,"passed_time":852.4705328,"remaining_time":2117.810069},
{"learn":[0.004391388601],"iteration":287,"passed_time":854.7318248,"remaining_time":2113.087011},
{"learn":[0.004389165423],"iteration":288,"passed_time":857.0981043,"remaining_time":2108.639281},
{"learn":[0.004384711911],"iteration":289,"passed_time":859.2930484,"remaining_time":2103.786429},
{"learn":[0.004378435563],"iteration":290,"passed_time":861.5941533,"remaining_time":2099.210497},
{"learn":[0.004375048761],"iteration":291,"passed_time":863.7732484,"remaining_time":2094.354315},
{"learn":[0.004372458701],"iteration":292,"passed_time":865.9982576,"remaining_time":2089.627195},
{"learn":[0.004372184742],"iteration":293,"passed_time":868.1712771,"remaining_time":2084.792251},
{"learn":[0.004371806117],"iteration":294,"passed_time":870.4005199,"remaining_time":2080.109717},
{"learn":[0.004369387398],"iteration":295,"passed_time":872.5887049,"remaining_time":2075.346109},
{"learn":[0.004367192274],"iteration":296,"passed_time":874.8007499,"remaining_time":2070.656321},
{"learn":[0.004360518806],"iteration":297,"passed_time":877.1163904,"remaining_time":2066.227201},
{"learn":[0.004357986755],"iteration":298,"passed_time":879.3620181,"remaining_time":2061.648076},
{"learn":[0.004355205427],"iteration":299,"passed_time":881.6968456,"remaining_time":2057.29264},
{"learn":[0.004353116162],"iteration":300,"passed_time":883.9602387,"remaining_time":2052.78474},
{"learn":[0.004352991796],"iteration":301,"passed_time":885.4624259,"remaining_time":2046.532362},
{"learn":[0.004350234908],"iteration":302,"passed_time":887.6747826,"remaining_time":2041.944962},
{"learn":[0.004349871169],"iteration":303,"passed_time":889.9366348,"remaining_time":2037.486506},
{"learn":[0.004347053946],"iteration":304,"passed_time":892.233989,"remaining_time":2033.123352},
{"learn":[0.004346473546],"iteration":305,"passed_time":894.4947112,"remaining_time":2028.690619},
{"learn":[0.004344903154],"iteration":306,"passed_time":896.7027914,"remaining_time":2024.153207},
{"learn":[0.004343074396],"iteration":307,"passed_time":898.9559608,"remaining_time":2019.732224},
{"learn":[0.004337674012],"iteration":308,"passed_time":901.2115231,"remaining_time":2015.330623},
{"learn":[0.004331196731],"iteration":309,"passed_time":903.3711985,"remaining_time":2010.729442},
{"learn":[0.00431449335],"iteration":310,"passed_time":905.7903197,"remaining_time":2006.718747},
{"learn":[0.004310416761],"iteration":311,"passed_time":908.0516334,"remaining_time":2002.370269},
{"learn":[0.004307433085],"iteration":312,"passed_time":910.3273548,"remaining_time":1998.06675},
{"learn":[0.004303582467],"iteration":313,"passed_time":912.5248803,"remaining_time":1993.605312},
{"learn":[0.004298646006],"iteration":314,"passed_time":914.8433859,"remaining_time":1989.421331},
{"learn":[0.004297222127],"iteration":315,"passed_time":917.0314541,"remaining_time":1984.966818},
{"learn":[0.004294605981],"iteration":316,"passed_time":919.3819418,"remaining_time":1980.87655},
{"learn":[0.004292004899],"iteration":317,"passed_time":921.5236371,"remaining_time":1976.349436},
{"learn":[0.004290752974],"iteration":318,"passed_time":923.883849,"remaining_time":1972.303765},
{"learn":[0.004288724612],"iteration":319,"passed_time":926.1266327,"remaining_time":1968.019094},
{"learn":[0.004285439783],"iteration":320,"passed_time":928.3446806,"remaining_time":1963.694823},
{"learn":[0.004280290627],"iteration":321,"passed_time":930.6696369,"remaining_time":1959.608739},
{"learn":[0.004272729999],"iteration":322,"passed_time":932.8702791,"remaining_time":1955.273},
{"learn":[0.00427109057],"iteration":323,"passed_time":935.1182264,"remaining_time":1951.049139},
{"learn":[0.004269752833],"iteration":324,"passed_time":937.355837,"remaining_time":1946.815969},
{"learn":[0.004268108345],"iteration":325,"passed_time":939.6677591,"remaining_time":1942.74868},
{"learn":[0.004262412516],"iteration":326,"passed_time":942.0229845,"remaining_time":1938.781249},
{"learn":[0.004261012292],"iteration":327,"passed_time":944.2941319,"remaining_time":1934.651392},
{"learn":[0.004260914947],"iteration":328,"passed_time":946.1314139,"remaining_time":1929.64796},
{"learn":[0.004260850266],"iteration":329,"passed_time":947.9420373,"remaining_time":1924.609591},
{"learn":[0.004257914337],"iteration":330,"passed_time":950.2554485,"remaining_time":1920.606934},
{"learn":[0.004253360273],"iteration":331,"passed_time":952.5491305,"remaining_time":1916.574756},
{"learn":[0.004251370665],"iteration":332,"passed_time":954.8422939,"remaining_time":1912.551982},
{"learn":[0.004250731573],"iteration":333,"passed_time":957.098735,"remaining_time":1908.46634},
{"learn":[0.004249584654],"iteration":334,"passed_time":959.4470725,"remaining_time":1904.574039},
{"learn":[0.004241592687],"iteration":335,"passed_time":961.807628,"remaining_time":1900.715074},
{"learn":[0.004233440533],"iteration":336,"passed_time":964.2170989,"remaining_time":1896.961236},
{"learn":[0.004231959154],"iteration":337,"passed_time":966.615791,"remaining_time":1893.194241},
{"learn":[0.004228155764],"iteration":338,"passed_time":969.0556999,"remaining_time":1889.515686},
{"learn":[0.004212114455],"iteration":339,"passed_time":971.46755,"remaining_time":1885.78995},
{"learn":[0.004209719987],"iteration":340,"passed_time":973.7794961,"remaining_time":1881.87885},
{"learn":[0.004208990559],"iteration":341,"passed_time":976.2074585,"remaining_time":1878.200315},
{"learn":[0.004207421391],"iteration":342,"passed_time":978.6595032,"remaining_time":1874.5752},
{"learn":[0.004206904331],"iteration":343,"passed_time":981.1146134,"remaining_time":1870.962751},
{"learn":[0.004204763666],"iteration":344,"passed_time":983.5289275,"remaining_time":1867.279558},
{"learn":[0.004203124018],"iteration":345,"passed_time":985.8998001,"remaining_time":1863.521588},
{"learn":[0.004192549962],"iteration":346,"passed_time":988.3634516,"remaining_time":1859.946207},
{"learn":[0.004189434932],"iteration":347,"passed_time":990.8257294,"remaining_time":1856.374642},
{"learn":[0.004182203296],"iteration":348,"passed_time":993.3009537,"remaining_time":1852.833584},
{"learn":[0.004179169581],"iteration":349,"passed_time":995.7036642,"remaining_time":1849.163948},
{"learn":[0.004178291962],"iteration":350,"passed_time":998.2248431,"remaining_time":1845.720579},
{"learn":[0.0041759774],"iteration":351,"passed_time":1000.636322,"remaining_time":1842.080501},
{"learn":[0.004174785115],"iteration":352,"passed_time":1002.981273,"remaining_time":1838.32545},
{"learn":[0.004166555839],"iteration":353,"passed_time":1005.323935,"remaining_time":1834.574186},
{"learn":[0.004166047672],"iteration":354,"passed_time":1007.62798,"remaining_time":1830.760696},
{"learn":[0.004162899052],"iteration":355,"passed_time":1010.275078,"remaining_time":1827.576265},
{"learn":[0.004159864829],"iteration":356,"passed_time":1012.604799,"remaining_time":1823.823209},
{"learn":[0.004149691811],"iteration":357,"passed_time":1015.079552,"remaining_time":1820.33819},
{"learn":[0.004149299168],"iteration":358,"passed_time":1017.477608,"remaining_time":1816.721857},
{"learn":[0.004143555431],"iteration":359,"passed_time":1019.989405,"remaining_time":1813.314497},
{"learn":[0.004143498975],"iteration":360,"passed_time":1021.996928,"remaining_time":1809.019494},
{"learn":[0.004136184044],"iteration":361,"passed_time":1024.435577,"remaining_time":1805.496956},
{"learn":[0.004128562347],"iteration":362,"passed_time":1026.880241,"remaining_time":1801.990946},
{"learn":[0.004125543556],"iteration":363,"passed_time":1029.34179,"remaining_time":1798.52027},
{"learn":[0.004123186826],"iteration":364,"passed_time":1031.87081,"remaining_time":1795.172505},
{"learn":[0.004118972373],"iteration":365,"passed_time":1034.311748,"remaining_time":1791.676635},
{"learn":[0.004115521216],"iteration":366,"passed_time":1037.577944,"remaining_time":1789.609914},
{"learn":[0.004114437672],"iteration":367,"passed_time":1040.015673,"remaining_time":1786.113872},
{"learn":[0.004111386441],"iteration":368,"passed_time":1042.592524,"remaining_time":1782.861471},
{"learn":[0.004101562383],"iteration":369,"passed_time":1044.975512,"remaining_time":1779.282629},
{"learn":[0.004099808222],"iteration":370,"passed_time":1047.361165,"remaining_time":1775.714752},
{"learn":[0.004095279475],"iteration":371,"passed_time":1050.231408,"remaining_time":1772.971302},
{"learn":[0.004092740406],"iteration":372,"passed_time":1052.505597,"remaining_time":1769.225226},
{"learn":[0.004091798144],"iteration":373,"passed_time":1054.767023,"remaining_time":1765.465658},
{"learn":[0.004091604156],"iteration":374,"passed_time":1057.166513,"remaining_time":1761.944189},
{"learn":[0.004088916953],"iteration":375,"passed_time":1059.435944,"remaining_time":1758.212844},
{"learn":[0.004086665624],"iteration":376,"passed_time":1061.636562,"remaining_time":1754.375539},
{"learn":[0.004084208699],"iteration":377,"passed_time":1063.888657,"remaining_time":1750.631599},
{"learn":[0.004079198733],"iteration":378,"passed_time":1066.096698,"remaining_time":1746.823349},
{"learn":[0.004077309617],"iteration":379,"passed_time":1068.377231,"remaining_time":1743.141798},
{"learn":[0.004077242156],"iteration":380,"passed_time":1070.606371,"remaining_time":1739.384104},
{"learn":[0.004075382244],"iteration":381,"passed_time":1072.787359,"remaining_time":1735.556513},
{"learn":[0.004074447989],"iteration":382,"passed_time":1074.993405,"remaining_time":1731.777888},
{"learn":[0.004073152104],"iteration":383,"passed_time":1077.2139,"remaining_time":1728.030631},
{"learn":[0.004072632403],"iteration":384,"passed_time":1079.308719,"remaining_time":1724.090551},
{"learn":[0.00407065974],"iteration":385,"passed_time":1081.526286,"remaining_time":1720.355284},
{"learn":[0.004069278186],"iteration":386,"passed_time":1083.664293,"remaining_time":1716.50184},
{"learn":[0.004068859816],"iteration":387,"passed_time":1085.823161,"remaining_time":1712.69014},
{"learn":[0.004065972097],"iteration":388,"passed_time":1088.094979,"remaining_time":1709.06435},
{"learn":[0.004064637723],"iteration":389,"passed_time":1090.295165,"remaining_time":1705.333464},
{"learn":[0.004061419925],"iteration":390,"passed_time":1093.128525,"remaining_time":1702.596603},
{"learn":[0.00406074105],"iteration":391,"passed_time":1095.758432,"remaining_time":1699.543691},
{"learn":[0.004060013055],"iteration":392,"passed_time":1098.287819,"remaining_time":1696.337675},
{"learn":[0.004058558938],"iteration":393,"passed_time":1100.956424,"remaining_time":1693.349221},
{"learn":[0.00405609468],"iteration":394,"passed_time":1103.568433,"remaining_time":1690.275702},
{"learn":[0.004053755817],"iteration":395,"passed_time":1105.846277,"remaining_time":1686.694826},
{"learn":[0.004050990052],"iteration":396,"passed_time":1108.011314,"remaining_time":1682.949175},
{"learn":[0.004049731113],"iteration":397,"passed_time":1110.187658,"remaining_time":1679.228569},
{"learn":[0.004048591134],"iteration":398,"passed_time":1112.563035,"remaining_time":1675.815499},
{"learn":[0.004039907027],"iteration":399,"passed_time":1114.768118,"remaining_time":1672.152178},
{"learn":[0.004030884614],"iteration":400,"passed_time":1116.955967,"remaining_time":1668.470385},
{"learn":[0.004030323984],"iteration":401,"passed_time":1119.19824,"remaining_time":1664.876983},
{"learn":[0.004024081735],"iteration":402,"passed_time":1121.570262,"remaining_time":1661.482498},
{"learn":[0.004023256338],"iteration":403,"passed_time":1123.892166,"remaining_time":1658.019135},
{"learn":[0.00402187621],"iteration":404,"passed_time":1126.455442,"remaining_time":1654.91602},
{"learn":[0.004012895055],"iteration":405,"passed_time":1128.64774,"remaining_time":1651.272802},
{"learn":[0.004010407209],"iteration":406,"passed_time":1131.024424,"remaining_time":1647.905364},
{"learn":[0.00400695074],"iteration":407,"passed_time":1133.444166,"remaining_time":1644.60526},
{"learn":[0.004006578436],"iteration":408,"passed_time":1135.696629,"remaining_time":1641.067746},
{"learn":[0.004005755159],"iteration":409,"passed_time":1137.995666,"remaining_time":1637.603519},
{"learn":[0.0039956712],"iteration":410,"passed_time":1140.385898,"remaining_time":1634.275654},
{"learn":[0.003994556422],"iteration":411,"passed_time":1142.684665,"remaining_time":1630.821804},
{"learn":[0.003987298884],"iteration":412,"passed_time":1145.013885,"remaining_time":1627.41683},
{"learn":[0.003984573849],"iteration":413,"passed_time":1147.231264,"remaining_time":1623.858746},
{"learn":[0.003982480293],"iteration":414,"passed_time":1149.769633,"remaining_time":1620.759603},
{"learn":[0.003980600216],"iteration":415,"passed_time":1152.13051,"remaining_time":1617.413985},
{"learn":[0.003973823056],"iteration":416,"passed_time":1154.331474,"remaining_time":1613.849518},
{"learn":[0.003971914007],"iteration":417,"passed_time":1156.610933,"remaining_time":1610.400869},
{"learn":[0.003967521813],"iteration":418,"passed_time":1158.950333,"remaining_time":1607.040915},
{"learn":[0.003966931187],"iteration":419,"passed_time":1161.159755,"remaining_time":1603.506328},
{"learn":[0.003961244873],"iteration":420,"passed_time":1163.520451,"remaining_time":1600.186083},
{"learn":[0.003960447978],"iteration":421,"passed_time":1165.75913,"remaining_time":1596.703264},
{"learn":[0.003957051043],"iteration":422,"passed_time":1168.049088,"remaining_time":1593.296273},
{"learn":[0.003955957129],"iteration":423,"passed_time":1170.478781,"remaining_time":1590.084381},
{"learn":[0.003953730739],"iteration":424,"passed_time":1172.801427,"remaining_time":1586.731343},
{"learn":[0.003951469879],"iteration":425,"passed_time":1175.05345,"remaining_time":1583.287982},
{"learn":[0.003950193298],"iteration":426,"passed_time":1177.260065,"remaining_time":1579.789267},
{"learn":[0.003945549937],"iteration":427,"passed_time":1179.562728,"remaining_time":1576.424954},
{"learn":[0.003938004127],"iteration":428,"passed_time":1181.825939,"remaining_time":1573.01308},
{"learn":[0.003936687401],"iteration":429,"passed_time":1184.081233,"remaining_time":1569.596053},
{"learn":[0.00393317917],"iteration":430,"passed_time":1186.365484,"remaining_time":1566.222646},
{"learn":[0.003930418455],"iteration":431,"passed_time":1188.622973,"remaining_time":1562.819095},
{"learn":[0.003928737898],"iteration":432,"passed_time":1190.940829,"remaining_time":1559.499884},
{"learn":[0.003926788811],"iteration":433,"passed_time":1193.245326,"remaining_time":1556.167868},
{"learn":[0.003925034101],"iteration":434,"passed_time":1195.662022,"remaining_time":1552.986305},
{"learn":[0.00392394618],"iteration":435,"passed_time":1197.944612,"remaining_time":1549.634773},
{"learn":[0.003922029388],"iteration":436,"passed_time":1200.217293,"remaining_time":1546.275368},
{"learn":[0.003920284519],"iteration":437,"passed_time":1202.640852,"remaining_time":1543.114518},
{"learn":[0.003916691202],"iteration":438,"passed_time":1205.023705,"remaining_time":1539.905007},
{"learn":[0.003913159905],"iteration":439,"passed_time":1207.424244,"remaining_time":1536.721765},
{"learn":[0.003912425454],"iteration":440,"passed_time":1209.749995,"remaining_time":1533.447272},
{"learn":[0.003910640624],"iteration":441,"passed_time":1211.971845,"remaining_time":1530.045904},
{"learn":[0.003909728179],"iteration":442,"passed_time":1214.537741,"remaining_time":1527.082442},
{"learn":[0.003907135015],"iteration":443,"passed_time":1216.791926,"remaining_time":1523.73043},
{"learn":[0.003906423998],"iteration":444,"passed_time":1219.035899,"remaining_time":1520.370616},
{"learn":[0.003905769044],"iteration":445,"passed_time":1221.412724,"remaining_time":1517.180827},
{"learn":[0.003904391265],"iteration":446,"passed_time":1223.804884,"remaining_time":1514.013648},
{"learn":[0.003903243613],"iteration":447,"passed_time":1226.12354,"remaining_time":1510.759362},
{"learn":[0.003899967114],"iteration":448,"passed_time":1228.491097,"remaining_time":1507.569252},
{"learn":[0.003898490931],"iteration":449,"passed_time":1231.237068,"remaining_time":1504.845306},
{"learn":[0.003896506548],"iteration":450,"passed_time":1233.572588,"remaining_time":1501.621621},
{"learn":[0.003895566079],"iteration":451,"passed_time":1235.82785,"remaining_time":1498.304561},
{"learn":[0.00389413927],"iteration":452,"passed_time":1238.270485,"remaining_time":1495.218445},
{"learn":[0.003892893097],"iteration":453,"passed_time":1240.552741,"remaining_time":1491.942283},
{"learn":[0.003891246543],"iteration":454,"passed_time":1242.868179,"remaining_time":1488.710236},
{"learn":[0.003888961973],"iteration":455,"passed_time":1245.127506,"remaining_time":1485.41527},
{"learn":[0.00388876001],"iteration":456,"passed_time":1247.37155,"remaining_time":1482.106677},
{"learn":[0.003887378758],"iteration":457,"passed_time":1249.554569,"remaining_time":1478.730516},
{"learn":[0.00388728927],"iteration":458,"passed_time":1251.860162,"remaining_time":1475.504026},
{"learn":[0.003885303212],"iteration":459,"passed_time":1254.086893,"remaining_time":1472.188961},
{"learn":[0.003883262598],"iteration":460,"passed_time":1256.647567,"remaining_time":1469.269065},
{"learn":[0.00388012632],"iteration":461,"passed_time":1258.9561,"remaining_time":1466.057103},
{"learn":[0.00387953406],"iteration":462,"passed_time":1261.365555,"remaining_time":1462.966097},
{"learn":[0.003873443804],"iteration":463,"passed_time":1263.682115,"remaining_time":1459.770719},
{"learn":[0.003872637246],"iteration":464,"passed_time":1265.869791,"remaining_time":1456.430835},
{"learn":[0.003872301406],"iteration":465,"passed_time":1268.251229,"remaining_time":1453.317932},
{"learn":[0.003871550306],"iteration":466,"passed_time":1270.471083,"remaining_time":1450.023742},
{"learn":[0.003870935734],"iteration":467,"passed_time":1272.825049,"remaining_time":1446.886595},
{"learn":[0.003870740557],"iteration":468,"passed_time":1275.192264,"remaining_time":1443.767787},
{"learn":[0.003870265896],"iteration":469,"passed_time":1277.602769,"remaining_time":1440.700995},
{"learn":[0.003869903865],"iteration":470,"passed_time":1279.921764,"remaining_time":1437.534211},
{"learn":[0.003860456726],"iteration":471,"passed_time":1282.208058,"remaining_time":1434.334437},
{"learn":[0.003857974166],"iteration":472,"passed_time":1284.395747,"remaining_time":1431.028666},
{"learn":[0.003856461953],"iteration":473,"passed_time":1286.780671,"remaining_time":1427.946482},
{"learn":[0.003856129182],"iteration":474,"passed_time":1289.107904,"remaining_time":1424.803473},
{"learn":[0.003855713538],"iteration":475,"passed_time":1291.46161,"remaining_time":1421.693033},
{"learn":[0.003853693884],"iteration":476,"passed_time":1293.766289,"remaining_time":1418.532011},
{"learn":[0.003852762368],"iteration":477,"passed_time":1296.004371,"remaining_time":1415.301844},
{"learn":[0.003849216182],"iteration":478,"passed_time":1298.241076,"remaining_time":1412.074323},
{"learn":[0.003846587462],"iteration":479,"passed_time":1300.525916,"remaining_time":1408.903075},
{"learn":[0.00384601252],"iteration":480,"passed_time":1302.7757,"remaining_time":1405.697689},
{"learn":[0.003843852819],"iteration":481,"passed_time":1304.983387,"remaining_time":1402.451026},
{"learn":[0.00384285856],"iteration":482,"passed_time":1307.240713,"remaining_time":1399.261799},
{"learn":[0.003842364381],"iteration":483,"passed_time":1309.442358,"remaining_time":1396.017059},
{"learn":[0.003841176106],"iteration":484,"passed_time":1311.732537,"remaining_time":1392.870632},
{"learn":[0.003840408977],"iteration":485,"passed_time":1313.889636,"remaining_time":1389.586982},
{"learn":[0.003839115665],"iteration":486,"passed_time":1316.129106,"remaining_time":1386.394726},
{"learn":[0.003834917003],"iteration":487,"passed_time":1318.356419,"remaining_time":1383.193619},
{"learn":[0.003833374835],"iteration":488,"passed_time":1320.587652,"remaining_time":1380.000593},
{"learn":[0.003832163441],"iteration":489,"passed_time":1322.769876,"remaining_time":1376.760483},
{"learn":[0.003827728851],"iteration":490,"passed_time":1325.047949,"remaining_time":1373.624045},
{"learn":[0.003823474353],"iteration":491,"passed_time":1327.231183,"remaining_time":1370.393172},
{"learn":[0.003822591873],"iteration":492,"passed_time":1329.399502,"remaining_time":1367.151212},
{"learn":[0.00382142144],"iteration":493,"passed_time":1331.741628,"remaining_time":1364.091627},
{"learn":[0.003820601116],"iteration":494,"passed_time":1334.11015,"remaining_time":1361.06187},
{"learn":[0.003817510494],"iteration":495,"passed_time":1336.521914,"remaining_time":1358.078719},
{"learn":[0.003808601263],"iteration":496,"passed_time":1338.933439,"remaining_time":1355.097625},
{"learn":[0.003805402493],"iteration":497,"passed_time":1341.21599,"remaining_time":1351.988809},
{"learn":[0.003803106252],"iteration":498,"passed_time":1343.518348,"remaining_time":1348.903192},
{"learn":[0.00380034006],"iteration":499,"passed_time":1345.960451,"remaining_time":1345.960451},
{"learn":[0.003798384385],"iteration":500,"passed_time":1348.358082,"remaining_time":1342.975415},
{"learn":[0.003796937779],"iteration":501,"passed_time":1350.638448,"remaining_time":1339.876389},
{"learn":[0.003795558709],"iteration":502,"passed_time":1352.873208,"remaining_time":1336.735555},
{"learn":[0.003793332667],"iteration":503,"passed_time":1355.199045,"remaining_time":1333.687949},
{"learn":[0.003791569775],"iteration":504,"passed_time":1357.391561,"remaining_time":1330.512521},
{"learn":[0.003790534208],"iteration":505,"passed_time":1359.65232,"remaining_time":1327.407601},
{"learn":[0.003786712643],"iteration":506,"passed_time":1361.88618,"remaining_time":1324.279855},
{"learn":[0.003780804769],"iteration":507,"passed_time":1364.031983,"remaining_time":1321.070345},
{"learn":[0.00377820209],"iteration":508,"passed_time":1366.282084,"remaining_time":1317.965626},
{"learn":[0.003777552326],"iteration":509,"passed_time":1368.514898,"remaining_time":1314.847647},
{"learn":[0.003776729715],"iteration":510,"passed_time":1370.816287,"remaining_time":1311.798756},
{"learn":[0.003775451543],"iteration":511,"passed_time":1373.058063,"remaining_time":1308.695966},
{"learn":[0.003775058635],"iteration":512,"passed_time":1375.334297,"remaining_time":1305.629245},
{"learn":[0.003774055886],"iteration":513,"passed_time":1377.604965,"remaining_time":1302.560336},
{"learn":[0.003770924873],"iteration":514,"passed_time":1379.794773,"remaining_time":1299.418379},
{"learn":[0.00376790212],"iteration":515,"passed_time":1382.089315,"remaining_time":1296.37835},
{"learn":[0.003765397711],"iteration":516,"passed_time":1384.265575,"remaining_time":1293.230702},
{"learn":[0.003764638901],"iteration":517,"passed_time":1386.500339,"remaining_time":1290.141242},
{"learn":[0.003762234298],"iteration":518,"passed_time":1388.728653,"remaining_time":1287.049098},
{"learn":[0.003761640747],"iteration":519,"passed_time":1390.861435,"remaining_time":1283.872094},
{"learn":[0.003759061297],"iteration":520,"passed_time":1393.067249,"remaining_time":1280.766242},
{"learn":[0.003756311113],"iteration":521,"passed_time":1395.295999,"remaining_time":1277.684842},
{"learn":[0.00375546552],"iteration":522,"passed_time":1397.518063,"remaining_time":1274.600604},
{"learn":[0.003753045265],"iteration":523,"passed_time":1399.749024,"remaining_time":1271.527739},
{"learn":[0.003751889272],"iteration":524,"passed_time":1401.920974,"remaining_time":1268.40469},
{"learn":[0.003750895118],"iteration":525,"passed_time":1404.183866,"remaining_time":1265.36721},
{"learn":[0.003750494613],"iteration":526,"passed_time":1406.463609,"remaining_time":1262.347794},
{"learn":[0.003749574057],"iteration":527,"passed_time":1408.657058,"remaining_time":1259.254037},
{"learn":[0.003748035141],"iteration":528,"passed_time":1410.90245,"remaining_time":1256.209932},
{"learn":[0.003747636478],"iteration":529,"passed_time":1413.148923,"remaining_time":1253.1698},
{"learn":[0.003746742406],"iteration":530,"passed_time":1415.46733,"remaining_time":1250.196192},
{"learn":[0.003744235309],"iteration":531,"passed_time":1417.693968,"remaining_time":1247.144318},
{"learn":[0.003743088876],"iteration":532,"passed_time":1419.961057,"remaining_time":1244.130982},
{"learn":[0.003742450074],"iteration":533,"passed_time":1422.154381,"remaining_time":1241.05607},
{"learn":[0.003739978478],"iteration":534,"passed_time":1424.340732,"remaining_time":1237.978393},
{"learn":[0.003736271707],"iteration":535,"passed_time":1426.509469,"remaining_time":1234.888794},
{"learn":[0.003735535956],"iteration":536,"passed_time":1428.639802,"remaining_time":1231.769513},
{"learn":[0.003733254604],"iteration":537,"passed_time":1430.803956,"remaining_time":1228.682951},
{"learn":[0.003732489367],"iteration":538,"passed_time":1433.018771,"remaining_time":1225.643142},
{"learn":[0.00372944572],"iteration":539,"passed_time":1435.218372,"remaining_time":1222.593428},
{"learn":[0.003728260484],"iteration":540,"passed_time":1437.527074,"remaining_time":1219.639421},
{"learn":[0.003727546064],"iteration":541,"passed_time":1439.788644,"remaining_time":1216.647969},
{"learn":[0.003725538983],"iteration":542,"passed_time":1442.020491,"remaining_time":1213.634188},
{"learn":[0.003719197571],"iteration":543,"passed_time":1444.320601,"remaining_time":1210.680504},
{"learn":[0.003718869451],"iteration":544,"passed_time":1446.713518,"remaining_time":1207.806698},
{"learn":[0.003717953214],"iteration":545,"passed_time":1448.946958,"remaining_time":1204.80205},
{"learn":[0.003716241584],"iteration":546,"passed_time":1451.16221,"remaining_time":1201.785157},
{"learn":[0.003715680317],"iteration":547,"passed_time":1453.490319,"remaining_time":1198.864278},
{"learn":[0.003713883562],"iteration":548,"passed_time":1455.80549,"remaining_time":1195.934929},
{"learn":[0.003712362805],"iteration":549,"passed_time":1458.075971,"remaining_time":1192.971249},
{"learn":[0.003710641775],"iteration":550,"passed_time":1460.39326,"remaining_time":1190.048228},
{"learn":[0.003709257545],"iteration":551,"passed_time":1462.694826,"remaining_time":1187.114642},
{"learn":[0.003708829571],"iteration":552,"passed_time":1464.948504,"remaining_time":1184.144632},
{"learn":[0.003707585832],"iteration":553,"passed_time":1467.119369,"remaining_time":1181.110539},
{"learn":[0.003706468124],"iteration":554,"passed_time":1469.319317,"remaining_time":1178.102876},
{"learn":[0.003701441834],"iteration":555,"passed_time":1471.49204,"remaining_time":1175.076377},
{"learn":[0.003700690426],"iteration":556,"passed_time":1473.778525,"remaining_time":1172.143423},
{"learn":[0.003698581864],"iteration":557,"passed_time":1476.022482,"remaining_time":1169.179099},
{"learn":[0.003697871924],"iteration":558,"passed_time":1478.260217,"remaining_time":1166.212443},
{"learn":[0.003697263034],"iteration":559,"passed_time":1480.507151,"remaining_time":1163.255619},
{"learn":[0.003696740816],"iteration":560,"passed_time":1482.818486,"remaining_time":1160.351721},
{"learn":[0.003695868836],"iteration":561,"passed_time":1485.075125,"remaining_time":1157.407304},
{"learn":[0.003694044849],"iteration":562,"passed_time":1487.279642,"remaining_time":1154.424873},
{"learn":[0.003693198744],"iteration":563,"passed_time":1489.421016,"remaining_time":1151.396389},
{"learn":[0.003689962745],"iteration":564,"passed_time":1491.692434,"remaining_time":1148.471166},
{"learn":[0.003688934323],"iteration":565,"passed_time":1493.884125,"remaining_time":1145.487121},
{"learn":[0.003687967212],"iteration":566,"passed_time":1496.084877,"remaining_time":1142.51279},
{"learn":[0.003687355766],"iteration":567,"passed_time":1498.310103,"remaining_time":1139.559797},
{"learn":[0.003682769808],"iteration":568,"passed_time":1500.603817,"remaining_time":1136.661239},
{"learn":[0.003681430426],"iteration":569,"passed_time":1502.830087,"remaining_time":1133.713925},
{"learn":[0.003679867445],"iteration":570,"passed_time":1505.128516,"remaining_time":1130.823351},
{"learn":[0.003679263792],"iteration":571,"passed_time":1507.291026,"remaining_time":1127.833145},
{"learn":[0.003677662113],"iteration":572,"passed_time":1509.541303,"remaining_time":1124.911233},
{"learn":[0.003677073861],"iteration":573,"passed_time":1511.733677,"remaining_time":1121.948687},
{"learn":[0.003670316017],"iteration":574,"passed_time":1514.02651,"remaining_time":1119.063073},
{"learn":[0.003669219277],"iteration":575,"passed_time":1516.242711,"remaining_time":1116.123107},
{"learn":[0.003668566884],"iteration":576,"passed_time":1518.510132,"remaining_time":1113.223199},
{"learn":[0.003668198461],"iteration":577,"passed_time":1520.703177,"remaining_time":1110.271177},
{"learn":[0.003667056947],"iteration":578,"passed_time":1522.841958,"remaining_time":1107.282321},
{"learn":[0.00366652939],"iteration":579,"passed_time":1525.030444,"remaining_time":1104.332391},
{"learn":[0.00366388521],"iteration":580,"passed_time":1527.31357,"remaining_time":1101.453332},
{"learn":[0.003662748348],"iteration":581,"passed_time":1529.530224,"remaining_time":1098.52858},
{"learn":[0.003662101895],"iteration":582,"passed_time":1531.844468,"remaining_time":1095.676061},
{"learn":[0.003661451694],"iteration":583,"passed_time":1534.220367,"remaining_time":1092.869302},
{"learn":[0.00366097691],"iteration":584,"passed_time":1536.560123,"remaining_time":1090.038378},
{"learn":[0.003660612018],"iteration":585,"passed_time":1538.777462,"remaining_time":1087.122643},
{"learn":[0.00365977644],"iteration":586,"passed_time":1540.933492,"remaining_time":1084.166154},
{"learn":[0.0036591155],"iteration":587,"passed_time":1543.177598,"remaining_time":1081.274099},
{"learn":[0.003658936023],"iteration":588,"passed_time":1545.415449,"remaining_time":1078.37988},
{"learn":[0.003658308475],"iteration":589,"passed_time":1547.609734,"remaining_time":1075.457611},
{"learn":[0.003657335146],"iteration":590,"passed_time":1549.825161,"remaining_time":1072.552438},
{"learn":[0.003656259539],"iteration":591,"passed_time":1552.071269,"remaining_time":1069.67074},
{"learn":[0.003655536049],"iteration":592,"passed_time":1554.252075,"remaining_time":1066.746365},
{"learn":[0.003653827603],"iteration":593,"passed_time":1556.455868,"remaining_time":1063.840206},
{"learn":[0.003653142866],"iteration":594,"passed_time":1558.75861,"remaining_time":1061.003759},
{"learn":[0.003652280837],"iteration":595,"passed_time":1561.008541,"remaining_time":1058.133306},
{"learn":[0.003649983303],"iteration":596,"passed_time":1563.2006,"remaining_time":1055.225865},
{"learn":[0.003648174472],"iteration":597,"passed_time":1565.411345,"remaining_time":1052.333379},
{"learn":[0.003647431042],"iteration":598,"passed_time":1567.676047,"remaining_time":1049.47929},
{"learn":[0.003646670467],"iteration":599,"passed_time":1569.916629,"remaining_time":1046.611086},
{"learn":[0.00364608938],"iteration":600,"passed_time":1572.172567,"remaining_time":1043.755165},
{"learn":[0.00364293254],"iteration":601,"passed_time":1574.402518,"remaining_time":1040.884057},
{"learn":[0.00364244565],"iteration":602,"passed_time":1576.546811,"remaining_time":1037.95868},
{"learn":[0.003641741872],"iteration":603,"passed_time":1578.852785,"remaining_time":1035.141892},
{"learn":[0.003641138442],"iteration":604,"passed_time":1581.120829,"remaining_time":1032.302029},
{"learn":[0.003640389588],"iteration":605,"passed_time":1583.348556,"remaining_time":1029.43784},
{"learn":[0.003639592655],"iteration":606,"passed_time":1585.493047,"remaining_time":1026.521858},
{"learn":[0.003638140388],"iteration":607,"passed_time":1587.771686,"remaining_time":1023.694903},
{"learn":[0.003638003893],"iteration":608,"passed_time":1589.949127,"remaining_time":1020.804776},
{"learn":[0.003636650139],"iteration":609,"passed_time":1592.155481,"remaining_time":1017.935471},
{"learn":[0.003636121853],"iteration":610,"passed_time":1594.43968,"remaining_time":1015.117898},
{"learn":[0.00363556561],"iteration":611,"passed_time":1596.674488,"remaining_time":1012.270754},
{"learn":[0.003629342863],"iteration":612,"passed_time":1598.94665,"remaining_time":1009.44919},
{"learn":[0.003626899241],"iteration":613,"passed_time":1601.253573,"remaining_time":1006.651269},
{"learn":[0.003626433524],"iteration":614,"passed_time":1603.48737,"remaining_time":1003.809167},
{"learn":[0.00362472144],"iteration":615,"passed_time":1605.656291,"remaining_time":1000.928597},
{"learn":[0.003622218837],"iteration":616,"passed_time":1607.926477,"remaining_time":998.1131939},
{"learn":[0.003620547663],"iteration":617,"passed_time":1610.204989,"remaining_time":995.3047021},
{"learn":[0.003619704814],"iteration":618,"passed_time":1612.477268,"remaining_time":992.4940857},
{"learn":[0.003619112607],"iteration":619,"passed_time":1614.64507,"remaining_time":989.621172},
{"learn":[0.003617151388],"iteration":620,"passed_time":1616.869257,"remaining_time":986.7849413},
{"learn":[0.003616609071],"iteration":621,"passed_time":1619.06286,"remaining_time":983.9320915},
{"learn":[0.003615993828],"iteration":622,"passed_time":1621.315149,"remaining_time":981.1168717},
{"learn":[0.003613929362],"iteration":623,"passed_time":1623.646822,"remaining_time":978.3512901},
{"learn":[0.003613612217],"iteration":624,"passed_time":1625.899734,"remaining_time":975.5398407},
{"learn":[0.00361317567],"iteration":625,"passed_time":1628.139437,"remaining_time":972.7222834},
{"learn":[0.003612795154],"iteration":626,"passed_time":1630.382142,"remaining_time":969.9083555},
{"learn":[0.003612102767],"iteration":627,"passed_time":1632.646504,"remaining_time":967.1090757},
{"learn":[0.003608701234],"iteration":628,"passed_time":1634.824855,"remaining_time":964.2607648},
{"learn":[0.00360782757],"iteration":629,"passed_time":1637.034406,"remaining_time":961.4329053},
{"learn":[0.003606972749],"iteration":630,"passed_time":1639.290344,"remaining_time":958.6341317},
{"learn":[0.003606595913],"iteration":631,"passed_time":1641.460493,"remaining_time":955.7871222},
{"learn":[0.003606022148],"iteration":632,"passed_time":1643.669963,"remaining_time":952.9650499},
{"learn":[0.003605079484],"iteration":633,"passed_time":1645.928027,"remaining_time":950.1729618},
{"learn":[0.003604739624],"iteration":634,"passed_time":1648.1826,"remaining_time":947.3805494},
{"learn":[0.00360341239],"iteration":635,"passed_time":1650.474057,"remaining_time":944.6109382},
{"learn":[0.003601933283],"iteration":636,"passed_time":1652.618816,"remaining_time":941.7592311},
{"learn":[0.003601202563],"iteration":637,"passed_time":1654.915893,"remaining_time":938.9961651},
{"learn":[0.003599479462],"iteration":638,"passed_time":1657.116496,"remaining_time":936.1800549},
{"learn":[0.00359896374],"iteration":639,"passed_time":1659.300719,"remaining_time":933.3566542},
{"learn":[0.003598297374],"iteration":640,"passed_time":1661.578409,"remaining_time":930.5875955},
{"learn":[0.003597339676],"iteration":641,"passed_time":1663.692766,"remaining_time":927.7289877},
{"learn":[0.003595386725],"iteration":642,"passed_time":1665.999705,"remaining_time":924.9796184},
{"learn":[0.003594292697],"iteration":643,"passed_time":1668.234085,"remaining_time":922.191513},
{"learn":[0.003592266205],"iteration":644,"passed_time":1670.508875,"remaining_time":919.4273655},
{"learn":[0.003590732804],"iteration":645,"passed_time":1672.770957,"remaining_time":916.6577688},
{"learn":[0.003589091896],"iteration":646,"passed_time":1674.946146,"remaining_time":913.8423329},
{"learn":[0.003588774739],"iteration":647,"passed_time":1677.241937,"remaining_time":911.0943854},
{"learn":[0.003587686529],"iteration":648,"passed_time":1679.462758,"remaining_time":908.307285},
{"learn":[0.003587303323],"iteration":649,"passed_time":1681.727531,"remaining_time":905.5455938},
{"learn":[0.00358690482],"iteration":650,"passed_time":1683.938524,"remaining_time":902.7565974},
{"learn":[0.003585752419],"iteration":651,"passed_time":1686.14946,"remaining_time":899.9693435},
{"learn":[0.003585377745],"iteration":652,"passed_time":1688.329756,"remaining_time":897.1675731},
{"learn":[0.003583479848],"iteration":653,"passed_time":1690.624341,"remaining_time":894.4281681},
{"learn":[0.003583065349],"iteration":654,"passed_time":1692.924555,"remaining_time":891.6930861},
{"learn":[0.003582589952],"iteration":655,"passed_time":1695.208082,"remaining_time":888.9505796},
{"learn":[0.003582470501],"iteration":656,"passed_time":1697.553881,"remaining_time":886.2419806},
{"learn":[0.003580860275],"iteration":657,"passed_time":1699.863805,"remaining_time":883.5158379},
{"learn":[0.003573951197],"iteration":658,"passed_time":1702.130949,"remaining_time":880.7688221},
{"learn":[0.003573178582],"iteration":659,"passed_time":1704.511954,"remaining_time":878.0819155},
{"learn":[0.003571769439],"iteration":660,"passed_time":1706.881038,"remaining_time":875.3898211},
{"learn":[0.003570018936],"iteration":661,"passed_time":1709.183212,"remaining_time":872.6645401},
{"learn":[0.003565317074],"iteration":662,"passed_time":1711.370771,"remaining_time":869.8822774},
{"learn":[0.003565101543],"iteration":663,"passed_time":1713.69576,"remaining_time":867.1713483},
{"learn":[0.003563959327],"iteration":664,"passed_time":1716.015221,"remaining_time":864.4587953},
{"learn":[0.003562989648],"iteration":665,"passed_time":1718.274678,"remaining_time":861.7173311},
{"learn":[0.003562787649],"iteration":666,"passed_time":1720.48198,"remaining_time":858.9512733},
{"learn":[0.003562387914],"iteration":667,"passed_time":1722.716824,"remaining_time":856.200577},
{"learn":[0.00356154651],"iteration":668,"passed_time":1725.044236,"remaining_time":853.4972228},
{"learn":[0.003560711164],"iteration":669,"passed_time":1727.26076,"remaining_time":850.7403746},
{"learn":[0.0035603263],"iteration":670,"passed_time":1729.550223,"remaining_time":848.020899},
{"learn":[0.003554646779],"iteration":671,"passed_time":1731.80023,"remaining_time":845.2834458},
{"learn":[0.003554124611],"iteration":672,"passed_time":1734.141237,"remaining_time":842.591656},
{"learn":[0.003553126075],"iteration":673,"passed_time":1736.312548,"remaining_time":839.818829},
{"learn":[0.003552704127],"iteration":674,"passed_time":1738.540939,"remaining_time":837.0752667},
{"learn":[0.003552220019],"iteration":675,"passed_time":1740.753408,"remaining_time":834.325598},
{"learn":[0.003551663792],"iteration":676,"passed_time":1742.997207,"remaining_time":831.5924635},
{"learn":[0.003551024784],"iteration":677,"passed_time":1745.24474,"remaining_time":828.8625463},
{"learn":[0.003549288766],"iteration":678,"passed_time":1747.495184,"remaining_time":826.1354259},
{"learn":[0.00354761233],"iteration":679,"passed_time":1749.74638,"remaining_time":823.4100612},
{"learn":[0.00354692347],"iteration":680,"passed_time":1752.048065,"remaining_time":820.7097397},
{"learn":[0.003544078518],"iteration":681,"passed_time":1754.244632,"remaining_time":817.9615733},
{"learn":[0.003543054753],"iteration":682,"passed_time":1756.450924,"remaining_time":815.2195356},
{"learn":[0.00353978362],"iteration":683,"passed_time":1758.673338,"remaining_time":812.4865128},
{"learn":[0.003539337929],"iteration":684,"passed_time":1760.850048,"remaining_time":809.7339639},
{"learn":[0.003538855752],"iteration":685,"passed_time":1763.077344,"remaining_time":807.0062478},
{"learn":[0.003536762998],"iteration":686,"passed_time":1765.299047,"remaining_time":804.2774407},
{"learn":[0.003536288296],"iteration":687,"passed_time":1767.541045,"remaining_time":801.5593111},
{"learn":[0.003534894842],"iteration":688,"passed_time":1769.830335,"remaining_time":798.8639102},
{"learn":[0.003534087218],"iteration":689,"passed_time":1772.07472,"remaining_time":796.1495118},
{"learn":[0.00353325391],"iteration":690,"passed_time":1774.336564,"remaining_time":793.4442813},
{"learn":[0.003531967775],"iteration":691,"passed_time":1776.568203,"remaining_time":790.7268881},
{"learn":[0.003531537616],"iteration":692,"passed_time":1778.781775,"remaining_time":788.0028933},
{"learn":[0.003531059716],"iteration":693,"passed_time":1781.131886,"remaining_time":785.3405724},
{"learn":[0.003530859445],"iteration":694,"passed_time":1783.385034,"remaining_time":782.6365978},
{"learn":[0.003529563465],"iteration":695,"passed_time":1785.667158,"remaining_time":779.9465748},
{"learn":[0.003529179066],"iteration":696,"passed_time":1787.905123,"remaining_time":777.2385256},
{"learn":[0.003528477778],"iteration":697,"passed_time":1790.247892,"remaining_time":774.5771681},
{"learn":[0.003527642807],"iteration":698,"passed_time":1792.526602,"remaining_time":771.8891377},
{"learn":[0.003526846829],"iteration":699,"passed_time":1794.719713,"remaining_time":769.1655912},
{"learn":[0.003525178892],"iteration":700,"passed_time":1797.022365,"remaining_time":766.490281},
{"learn":[0.003524589953],"iteration":701,"passed_time":1799.293145,"remaining_time":763.8025031},
{"learn":[0.003523837323],"iteration":702,"passed_time":1801.549466,"remaining_time":761.1098029},
{"learn":[0.003522669972],"iteration":703,"passed_time":1803.80688,"remaining_time":758.4188018},
{"learn":[0.003521637951],"iteration":704,"passed_time":1806.00548,"remaining_time":755.7044205},
{"learn":[0.003520750645],"iteration":705,"passed_time":1808.162031,"remaining_time":752.9739903},
{"learn":[0.003519875502],"iteration":706,"passed_time":1810.421237,"remaining_time":750.2877264},
{"learn":[0.00351963244],"iteration":707,"passed_time":1812.556056,"remaining_time":747.5513677},
{"learn":[0.003517915395],"iteration":708,"passed_time":1814.751657,"remaining_time":744.8416532},
{"learn":[0.003517625386],"iteration":709,"passed_time":1816.907877,"remaining_time":742.117302},
{"learn":[0.003516696542],"iteration":710,"passed_time":1819.115924,"remaining_time":739.4156149},
{"learn":[0.003515520948],"iteration":711,"passed_time":1821.26375,"remaining_time":736.690955},
{"learn":[0.003514536973],"iteration":712,"passed_time":1823.488295,"remaining_time":733.9987947},
{"learn":[0.003514014124],"iteration":713,"passed_time":1825.666241,"remaining_time":731.2892787},
{"learn":[0.003513526597],"iteration":714,"passed_time":1827.959249,"remaining_time":728.6271133},
{"learn":[0.003512615305],"iteration":715,"passed_time":1830.200334,"remaining_time":725.9453839},
{"learn":[0.003511938251],"iteration":716,"passed_time":1832.51144,"remaining_time":723.2925211},
{"learn":[0.003511272958],"iteration":717,"passed_time":1834.735571,"remaining_time":720.6064501},
{"learn":[0.003510178661],"iteration":718,"passed_time":1836.91752,"remaining_time":717.9051784},
{"learn":[0.003509613072],"iteration":719,"passed_time":1839.129377,"remaining_time":715.2169798},
{"learn":[0.003509344033],"iteration":720,"passed_time":1841.417807,"remaining_time":712.559734},
{"learn":[0.003508896361],"iteration":721,"passed_time":1843.614735,"remaining_time":709.8682773},
{"learn":[0.003507563203],"iteration":722,"passed_time":1845.896774,"remaining_time":707.2107972},
{"learn":[0.00350612184],"iteration":723,"passed_time":1848.079739,"remaining_time":704.5165858},
{"learn":[0.003504059773],"iteration":724,"passed_time":1850.281986,"remaining_time":701.8310981},
{"learn":[0.003503539122],"iteration":725,"passed_time":1852.465399,"remaining_time":699.1398339},
{"learn":[0.003503020577],"iteration":726,"passed_time":1854.701341,"remaining_time":696.4696919},
{"learn":[0.003501655065],"iteration":727,"passed_time":1856.912929,"remaining_time":693.7916439},
{"learn":[0.003501446649],"iteration":728,"passed_time":1859.088029,"remaining_time":691.1013111},
{"learn":[0.003500940589],"iteration":729,"passed_time":1861.359193,"remaining_time":688.4479208},
{"learn":[0.003499833602],"iteration":730,"passed_time":1863.527293,"remaining_time":685.7576496},
{"learn":[0.003499476401],"iteration":731,"passed_time":1865.8367,"remaining_time":683.1205405},
{"learn":[0.003499114169],"iteration":732,"passed_time":1868.114122,"remaining_time":680.4726745},
{"learn":[0.003498163471],"iteration":733,"passed_time":1870.400155,"remaining_time":677.828939},
{"learn":[0.00349761769],"iteration":734,"passed_time":1872.653677,"remaining_time":675.174455},
{"learn":[0.003497200888],"iteration":735,"passed_time":1874.910488,"remaining_time":672.5222401},
{"learn":[0.003496076252],"iteration":736,"passed_time":1877.1389,"remaining_time":669.8609643},
{"learn":[0.003495618221],"iteration":737,"passed_time":1879.346148,"remaining_time":667.1933479},
{"learn":[0.003494273831],"iteration":738,"passed_time":1881.551123,"remaining_time":664.5261746},
{"learn":[0.003493915425],"iteration":739,"passed_time":1883.788465,"remaining_time":661.8716227},
{"learn":[0.003493076549],"iteration":740,"passed_time":1886.066736,"remaining_time":659.2325028},
{"learn":[0.003492642132],"iteration":741,"passed_time":1888.297455,"remaining_time":656.5778212},
{"learn":[0.003492180515],"iteration":742,"passed_time":1890.660958,"remaining_time":653.9702102},
{"learn":[0.003490882064],"iteration":743,"passed_time":1892.960171,"remaining_time":651.3411342},
{"learn":[0.003486486887],"iteration":744,"passed_time":1895.152836,"remaining_time":648.6764742},
{"learn":[0.003486395868],"iteration":745,"passed_time":1897.312119,"remaining_time":646.0017133},
{"learn":[0.003485607103],"iteration":746,"passed_time":1899.553582,"remaining_time":643.3561662},
{"learn":[0.003484591571],"iteration":747,"passed_time":1901.772391,"remaining_time":640.7040676},
{"learn":[0.003484045432],"iteration":748,"passed_time":1903.982782,"remaining_time":638.0503047},
{"learn":[0.003481718439],"iteration":749,"passed_time":1906.218316,"remaining_time":635.4061052},
{"learn":[0.003481230287],"iteration":750,"passed_time":1908.376215,"remaining_time":632.7372538},
{"learn":[0.003480338981],"iteration":751,"passed_time":1910.581552,"remaining_time":630.0854055},
{"learn":[0.00347905787],"iteration":752,"passed_time":1912.841145,"remaining_time":627.4525402},
{"learn":[0.003478623096],"iteration":753,"passed_time":1915.160225,"remaining_time":624.8400733},
{"learn":[0.003478028275],"iteration":754,"passed_time":1917.406525,"remaining_time":622.2047664},
{"learn":[0.003477682316],"iteration":755,"passed_time":1919.719332,"remaining_time":619.5919537},
{"learn":[0.003477219988],"iteration":756,"passed_time":1921.958443,"remaining_time":616.956277},
{"learn":[0.003476906372],"iteration":757,"passed_time":1924.206674,"remaining_time":614.3245582},
{"learn":[0.00347665603],"iteration":758,"passed_time":1926.479464,"remaining_time":611.7016479},
{"learn":[0.00347629633],"iteration":759,"passed_time":1928.71763,"remaining_time":609.0687253},
{"learn":[0.003475544756],"iteration":760,"passed_time":1931.014069,"remaining_time":606.4551414},
{"learn":[0.003474914451],"iteration":761,"passed_time":1933.212334,"remaining_time":603.8117264},
{"learn":[0.003474335215],"iteration":762,"passed_time":1935.402519,"remaining_time":601.1669686},
{"learn":[0.00347384176],"iteration":763,"passed_time":1937.659962,"remaining_time":598.5441766},
{"learn":[0.003473204551],"iteration":764,"passed_time":1939.893268,"remaining_time":595.9149253},
{"learn":[0.003472808883],"iteration":765,"passed_time":1942.126192,"remaining_time":593.2865912},
{"learn":[0.003472567739],"iteration":766,"passed_time":1944.369131,"remaining_time":590.6623306},
{"learn":[0.003471228972],"iteration":767,"passed_time":1946.628252,"remaining_time":588.0439512},
{"learn":[0.00347006472],"iteration":768,"passed_time":1948.858743,"remaining_time":585.4179059},
{"learn":[0.003469376677],"iteration":769,"passed_time":1951.215577,"remaining_time":582.8306269},
{"learn":[0.003468737247],"iteration":770,"passed_time":1953.437709,"remaining_time":580.2039368},
{"learn":[0.003467447591],"iteration":771,"passed_time":1955.693585,"remaining_time":577.5882609},
{"learn":[0.003467202245],"iteration":772,"passed_time":1957.987958,"remaining_time":574.9848207},
{"learn":[0.003466529616],"iteration":773,"passed_time":1960.200021,"remaining_time":572.3581457},
{"learn":[0.003465649422],"iteration":774,"passed_time":1962.462609,"remaining_time":569.7472089},
{"learn":[0.003465178336],"iteration":775,"passed_time":1964.716641,"remaining_time":567.1347004},
{"learn":[0.003464831327],"iteration":776,"passed_time":1966.948571,"remaining_time":564.5167714},
{"learn":[0.003464260679],"iteration":777,"passed_time":1969.159896,"remaining_time":561.8939548},
{"learn":[0.003463560365],"iteration":778,"passed_time":1971.466243,"remaining_time":559.2991523},
{"learn":[0.003462848466],"iteration":779,"passed_time":1973.739571,"remaining_time":556.6957764},
{"learn":[0.003462576549],"iteration":780,"passed_time":1975.955804,"remaining_time":554.0772356},
{"learn":[0.003462193554],"iteration":781,"passed_time":1978.254264,"remaining_time":551.4826466},
{"learn":[0.003461531147],"iteration":782,"passed_time":1980.523026,"remaining_time":548.8805831},
{"learn":[0.003460581725],"iteration":783,"passed_time":1982.756103,"remaining_time":546.2695386},
{"learn":[0.003460180169],"iteration":784,"passed_time":1985.039366,"remaining_time":543.6732022},
{"learn":[0.003459818847],"iteration":785,"passed_time":1987.311054,"remaining_time":541.074511},
{"learn":[0.003459544941],"iteration":786,"passed_time":1989.58499,"remaining_time":538.4772591},
{"learn":[0.003457737946],"iteration":787,"passed_time":1991.865726,"remaining_time":535.8826573},
{"learn":[0.003457495729],"iteration":788,"passed_time":1994.119764,"remaining_time":533.2817112},
{"learn":[0.003457322995],"iteration":789,"passed_time":1996.43906,"remaining_time":530.6989907},
{"learn":[0.003456688892],"iteration":790,"passed_time":1998.69819,"remaining_time":528.1010389},
{"learn":[0.00345647918],"iteration":791,"passed_time":2000.878855,"remaining_time":525.4833358},
{"learn":[0.003455601097],"iteration":792,"passed_time":2003.066046,"remaining_time":522.8684384},
{"learn":[0.003455402215],"iteration":793,"passed_time":2005.322551,"remaining_time":520.2726013},
{"learn":[0.003454491885],"iteration":794,"passed_time":2007.539436,"remaining_time":517.6674016},
{"learn":[0.003454185515],"iteration":795,"passed_time":2009.743575,"remaining_time":515.0599112},
{"learn":[0.003453828053],"iteration":796,"passed_time":2011.942019,"remaining_time":512.4519822},
{"learn":[0.003453146164],"iteration":797,"passed_time":2014.228318,"remaining_time":509.8673186},
{"learn":[0.00345301234],"iteration":798,"passed_time":2016.490737,"remaining_time":507.2773944},
{"learn":[0.003452818499],"iteration":799,"passed_time":2018.739898,"remaining_time":504.6849745},
{"learn":[0.003452309388],"iteration":800,"passed_time":2021.000436,"remaining_time":502.0962381},
{"learn":[0.003452020291],"iteration":801,"passed_time":2023.258019,"remaining_time":499.5075906},
{"learn":[0.003450975422],"iteration":802,"passed_time":2025.47832,"remaining_time":496.9106214},
{"learn":[0.00345083171],"iteration":803,"passed_time":2027.719436,"remaining_time":494.3196635},
{"learn":[0.00345006868],"iteration":804,"passed_time":2029.922812,"remaining_time":491.7204328},
{"learn":[0.003449661309],"iteration":805,"passed_time":2032.156181,"remaining_time":489.1294033},
{"learn":[0.003449426638],"iteration":806,"passed_time":2034.363064,"remaining_time":486.532926},
{"learn":[0.003448872179],"iteration":807,"passed_time":2036.6303,"remaining_time":483.9517544},
{"learn":[0.003448478291],"iteration":808,"passed_time":2038.822876,"remaining_time":481.3537321},
{"learn":[0.003448100607],"iteration":809,"passed_time":2041.131873,"remaining_time":478.7840195},
{"learn":[0.003447852577],"iteration":810,"passed_time":2043.477901,"remaining_time":476.2235798},
{"learn":[0.003447636281],"iteration":811,"passed_time":2045.774295,"remaining_time":473.6521766},
{"learn":[0.003447334311],"iteration":812,"passed_time":2048.014306,"remaining_time":471.0684812},
{"learn":[0.003446571085],"iteration":813,"passed_time":2050.158994,"remaining_time":468.4638488},
{"learn":[0.003445811334],"iteration":814,"passed_time":2052.4348,"remaining_time":465.890108},
{"learn":[0.003445643168],"iteration":815,"passed_time":2054.697732,"remaining_time":463.3141944},
{"learn":[0.003445586902],"iteration":816,"passed_time":2056.950378,"remaining_time":460.7367432},
{"learn":[0.003445171821],"iteration":817,"passed_time":2059.174147,"remaining_time":458.153661},
{"learn":[0.003444718874],"iteration":818,"passed_time":2061.401998,"remaining_time":455.5723585},
{"learn":[0.003443414984],"iteration":819,"passed_time":2063.638955,"remaining_time":452.993917},
{"learn":[0.003443043457],"iteration":820,"passed_time":2065.890584,"remaining_time":450.4195062},
{"learn":[0.003442839869],"iteration":821,"passed_time":2068.044156,"remaining_time":447.8246469},
{"learn":[0.003441617372],"iteration":822,"passed_time":2070.26101,"remaining_time":445.2444699},
{"learn":[0.003440927246],"iteration":823,"passed_time":2072.562377,"remaining_time":442.6832261},
{"learn":[0.003440536434],"iteration":824,"passed_time":2074.830157,"remaining_time":440.1154879},
{"learn":[0.003439680063],"iteration":825,"passed_time":2077.11185,"remaining_time":437.5514068},
{"learn":[0.003439093525],"iteration":826,"passed_time":2079.304997,"remaining_time":434.9694854},
{"learn":[0.003438568314],"iteration":827,"passed_time":2081.496665,"remaining_time":432.3881961},
{"learn":[0.003438406211],"iteration":828,"passed_time":2083.717839,"remaining_time":429.8139329},
{"learn":[0.003437877534],"iteration":829,"passed_time":2085.996673,"remaining_time":427.2523305},
{"learn":[0.003437189368],"iteration":830,"passed_time":2088.166143,"remaining_time":424.6691674},
{"learn":[0.003436111548],"iteration":831,"passed_time":2090.558991,"remaining_time":422.132104},
{"learn":[0.003435726321],"iteration":832,"passed_time":2092.779955,"remaining_time":419.5609274},
{"learn":[0.00343538873],"iteration":833,"passed_time":2095.062516,"remaining_time":417.0028508},
{"learn":[0.003434554181],"iteration":834,"passed_time":2097.298419,"remaining_time":414.4362145},
{"learn":[0.003434192047],"iteration":835,"passed_time":2099.548798,"remaining_time":411.8732093},
{"learn":[0.003432812865],"iteration":836,"passed_time":2101.810812,"remaining_time":409.3132167},
{"learn":[0.003432653387],"iteration":837,"passed_time":2104.029605,"remaining_time":406.74558},
{"learn":[0.003432022277],"iteration":838,"passed_time":2106.353564,"remaining_time":404.1989557},
{"learn":[0.003431795205],"iteration":839,"passed_time":2108.608293,"remaining_time":401.6396748},
{"learn":[0.00343144894],"iteration":840,"passed_time":2110.816989,"remaining_time":399.0724152},
{"learn":[0.003431068447],"iteration":841,"passed_time":2113.051444,"remaining_time":396.5108411},
{"learn":[0.003430496415],"iteration":842,"passed_time":2115.323353,"remaining_time":393.9570182},
{"learn":[0.003429141479],"iteration":843,"passed_time":2117.665156,"remaining_time":391.4167824},
{"learn":[0.003428812626],"iteration":844,"passed_time":2119.865877,"remaining_time":388.8511373},
{"learn":[0.003428364311],"iteration":845,"passed_time":2122.012575,"remaining_time":386.2765208},
{"learn":[0.003426024853],"iteration":846,"passed_time":2124.199423,"remaining_time":383.7101674},
{"learn":[0.003425441244],"iteration":847,"passed_time":2126.390103,"remaining_time":381.1453959},
{"learn":[0.0034249653],"iteration":848,"passed_time":2128.605172,"remaining_time":378.5858433},
{"learn":[0.003424368489],"iteration":849,"passed_time":2130.856707,"remaining_time":376.0335366},
{"learn":[0.003424095074],"iteration":850,"passed_time":2133.135412,"remaining_time":373.4866938},
{"learn":[0.003423686977],"iteration":851,"passed_time":2135.236447,"remaining_time":370.9096175},
{"learn":[0.003422866249],"iteration":852,"passed_time":2137.405931,"remaining_time":368.3454536},
{"learn":[0.00342234426],"iteration":853,"passed_time":2139.62576,"remaining_time":365.7908208},
{"learn":[0.003422044812],"iteration":854,"passed_time":2141.881594,"remaining_time":363.2430773},
{"learn":[0.003420899331],"iteration":855,"passed_time":2144.109451,"remaining_time":360.6913095},
{"learn":[0.003420543711],"iteration":856,"passed_time":2146.296949,"remaining_time":358.1335633},
{"learn":[0.003420439626],"iteration":857,"passed_time":2148.622432,"remaining_time":355.5995167},
{"learn":[0.00342033361],"iteration":858,"passed_time":2150.882501,"remaining_time":353.0552184},
{"learn":[0.003419654543],"iteration":859,"passed_time":2153.200029,"remaining_time":350.520935},
{"learn":[0.003418287772],"iteration":860,"passed_time":2155.482983,"remaining_time":347.9815733},
{"learn":[0.003417010304],"iteration":861,"passed_time":2157.648007,"remaining_time":345.4239269},
{"learn":[0.003416462387],"iteration":862,"passed_time":2159.952468,"remaining_time":342.8893258},
{"learn":[0.003416060982],"iteration":863,"passed_time":2162.179915,"remaining_time":340.3431347},
{"learn":[0.003415571799],"iteration":864,"passed_time":2164.381441,"remaining_time":337.7936352},
{"learn":[0.003414550523],"iteration":865,"passed_time":2166.564871,"remaining_time":335.2421395},
{"learn":[0.003414361707],"iteration":866,"passed_time":2168.738316,"remaining_time":332.6899608},
{"learn":[0.003414116364],"iteration":867,"passed_time":2170.987153,"remaining_time":330.15012},
{"learn":[0.003413421831],"iteration":868,"passed_time":2173.272365,"remaining_time":327.6164325},
{"learn":[0.003412445338],"iteration":869,"passed_time":2175.469818,"remaining_time":325.0702027},
{"learn":[0.003412243148],"iteration":870,"passed_time":2177.724201,"remaining_time":322.5332054},
{"learn":[0.003412076349],"iteration":871,"passed_time":2180.02668,"remaining_time":320.0039163},
{"learn":[0.003411769101],"iteration":872,"passed_time":2182.210649,"remaining_time":317.4579065},
{"learn":[0.00341131243],"iteration":873,"passed_time":2184.454668,"remaining_time":314.9213824},
{"learn":[0.003410383438],"iteration":874,"passed_time":2186.749483,"remaining_time":312.3927832},
{"learn":[0.003409689603],"iteration":875,"passed_time":2188.977563,"remaining_time":309.8552714},
{"learn":[0.003408635365],"iteration":876,"passed_time":2191.25211,"remaining_time":307.3249824},
{"learn":[0.00340799139],"iteration":877,"passed_time":2193.437371,"remaining_time":304.7828694},
{"learn":[0.003407700567],"iteration":878,"passed_time":2195.657564,"remaining_time":302.2463768},
{"learn":[0.003407364227],"iteration":879,"passed_time":2197.862568,"remaining_time":299.708532},
{"learn":[0.003406426249],"iteration":880,"passed_time":2200.151947,"remaining_time":297.1828395},
{"learn":[0.003405935109],"iteration":881,"passed_time":2202.331122,"remaining_time":294.6429392},
{"learn":[0.003405671715],"iteration":882,"passed_time":2204.57835,"remaining_time":292.1128731},
{"learn":[0.003404668886],"iteration":883,"passed_time":2206.834551,"remaining_time":289.5846244},
{"learn":[0.003404044182],"iteration":884,"passed_time":2209.076675,"remaining_time":287.0551612},
{"learn":[0.003403853192],"iteration":885,"passed_time":2211.294194,"remaining_time":284.5231807},
{"learn":[0.003403100784],"iteration":886,"passed_time":2213.554861,"remaining_time":281.9974062},
{"learn":[0.003402098084],"iteration":887,"passed_time":2215.81315,"remaining_time":279.4719289},
{"learn":[0.003401752679],"iteration":888,"passed_time":2218.027078,"remaining_time":276.9415137},
{"learn":[0.003401472284],"iteration":889,"passed_time":2220.2137,"remaining_time":274.4084348},
{"learn":[0.003401176742],"iteration":890,"passed_time":2222.413823,"remaining_time":271.8777853},
{"learn":[0.003400785929],"iteration":891,"passed_time":2224.570411,"remaining_time":269.3426059},
{"learn":[0.003400566],"iteration":892,"passed_time":2226.800673,"remaining_time":266.8171019},
{"learn":[0.003399746578],"iteration":893,"passed_time":2229.012584,"remaining_time":264.2900826},
{"learn":[0.003399658872],"iteration":894,"passed_time":2231.337706,"remaining_time":261.7770493},
{"learn":[0.003399283234],"iteration":895,"passed_time":2233.585898,"remaining_time":259.255506},
{"learn":[0.00339909341],"iteration":896,"passed_time":2235.78672,"remaining_time":256.7291329},
{"learn":[0.003398852638],"iteration":897,"passed_time":2238.006104,"remaining_time":254.2055931},
{"learn":[0.003398544335],"iteration":898,"passed_time":2240.19387,"remaining_time":251.6791778},
{"learn":[0.003398265041],"iteration":899,"passed_time":2242.441114,"remaining_time":249.1601237},
{"learn":[0.003397783924],"iteration":900,"passed_time":2244.687098,"remaining_time":246.6415346},
{"learn":[0.003393362521],"iteration":901,"passed_time":2246.882521,"remaining_time":244.1180566},
{"learn":[0.003392992541],"iteration":902,"passed_time":2249.153967,"remaining_time":241.6034716},
{"learn":[0.003392707193],"iteration":903,"passed_time":2251.332765,"remaining_time":239.0795856},
{"learn":[0.003391802937],"iteration":904,"passed_time":2253.539885,"remaining_time":236.5594355},
{"learn":[0.003391514083],"iteration":905,"passed_time":2255.761483,"remaining_time":234.0414784},
{"learn":[0.003390698232],"iteration":906,"passed_time":2257.967534,"remaining_time":231.5225807},
{"learn":[0.003387721674],"iteration":907,"passed_time":2260.156216,"remaining_time":229.0026122},
{"learn":[0.003387475345],"iteration":908,"passed_time":2262.377249,"remaining_time":226.4866113},
{"learn":[0.003387300043],"iteration":909,"passed_time":2264.620728,"remaining_time":223.9734786},
{"learn":[0.00338630567],"iteration":910,"passed_time":2266.828798,"remaining_time":221.4574786},
{"learn":[0.003385812037],"iteration":911,"passed_time":2269.097101,"remaining_time":218.9479659},
{"learn":[0.003385231318],"iteration":912,"passed_time":2271.346398,"remaining_time":216.4371705},
{"learn":[0.003384533471],"iteration":913,"passed_time":2273.631329,"remaining_time":213.9303001},
{"learn":[0.003384297472],"iteration":914,"passed_time":2275.75635,"remaining_time":211.4090599},
{"learn":[0.003384121896],"iteration":915,"passed_time":2278.064821,"remaining_time":208.9055076},
{"learn":[0.003383837981],"iteration":916,"passed_time":2280.225778,"remaining_time":206.389029},
{"learn":[0.003383242781],"iteration":917,"passed_time":2282.473902,"remaining_time":203.8811111},
{"learn":[0.003382819246],"iteration":918,"passed_time":2284.655237,"remaining_time":201.3678718},
{"learn":[0.003382667529],"iteration":919,"passed_time":2286.835611,"remaining_time":198.8552705},
{"learn":[0.003382453689],"iteration":920,"passed_time":2289.056803,"remaining_time":196.3468919},
{"learn":[0.003382273591],"iteration":921,"passed_time":2291.254951,"remaining_time":193.8371868},
{"learn":[0.003382096059],"iteration":922,"passed_time":2293.445578,"remaining_time":191.3275293},
{"learn":[0.003381709246],"iteration":923,"passed_time":2295.680976,"remaining_time":188.8222448},
{"learn":[0.003380749328],"iteration":924,"passed_time":2297.953137,"remaining_time":186.3205246},
{"learn":[0.003379156001],"iteration":925,"passed_time":2300.145357,"remaining_time":183.8129119},
{"learn":[0.003378547144],"iteration":926,"passed_time":2302.356834,"remaining_time":181.3074961},
{"learn":[0.003378035834],"iteration":927,"passed_time":2304.593721,"remaining_time":178.8046853},
{"learn":[0.003377876928],"iteration":928,"passed_time":2306.814402,"remaining_time":176.3012084},
{"learn":[0.003377139449],"iteration":929,"passed_time":2309.054977,"remaining_time":173.799837},
{"learn":[0.003376810971],"iteration":930,"passed_time":2311.323144,"remaining_time":171.3010708},
{"learn":[0.003376345647],"iteration":931,"passed_time":2313.451416,"remaining_time":168.7925926},
{"learn":[0.003375024586],"iteration":932,"passed_time":2315.690978,"remaining_time":166.2929212},
{"learn":[0.003374695686],"iteration":933,"passed_time":2317.854912,"remaining_time":163.7884627},
{"learn":[0.003374338334],"iteration":934,"passed_time":2320.149255,"remaining_time":161.2937984},
{"learn":[0.003374191472],"iteration":935,"passed_time":2322.368143,"remaining_time":158.7944029},
{"learn":[0.003373125728],"iteration":936,"passed_time":2324.638967,"remaining_time":156.2990981},
{"learn":[0.003372887891],"iteration":937,"passed_time":2326.781075,"remaining_time":153.795764},
{"learn":[0.003372531978],"iteration":938,"passed_time":2329.007162,"remaining_time":151.2986549},
{"learn":[0.003372344572],"iteration":939,"passed_time":2331.249177,"remaining_time":148.803139},
{"learn":[0.003372064573],"iteration":940,"passed_time":2333.474909,"remaining_time":146.3071409},
{"learn":[0.00337189771],"iteration":941,"passed_time":2335.729035,"remaining_time":143.813465},
{"learn":[0.003371716697],"iteration":942,"passed_time":2337.984646,"remaining_time":141.3203869},
{"learn":[0.003371378624],"iteration":943,"passed_time":2340.164762,"remaining_time":138.8233333},
{"learn":[0.003370829477],"iteration":944,"passed_time":2342.353844,"remaining_time":136.3274724},
{"learn":[0.003370752084],"iteration":945,"passed_time":2344.590277,"remaining_time":133.834963},
{"learn":[0.003370611539],"iteration":946,"passed_time":2346.822608,"remaining_time":131.3427648},
{"learn":[0.003370012396],"iteration":947,"passed_time":2349.039811,"remaining_time":128.850285},
{"learn":[0.003369628086],"iteration":948,"passed_time":2351.172496,"remaining_time":126.3538433},
{"learn":[0.003369415941],"iteration":949,"passed_time":2353.336769,"remaining_time":123.85983},
{"learn":[0.003369302247],"iteration":950,"passed_time":2355.515502,"remaining_time":121.3672551},
{"learn":[0.003368846518],"iteration":951,"passed_time":2357.752501,"remaining_time":118.8782774},
{"learn":[0.003368593737],"iteration":952,"passed_time":2360.035495,"remaining_time":116.3920968},
{"learn":[0.003368067218],"iteration":953,"passed_time":2362.317976,"remaining_time":113.9063175},
{"learn":[0.003367550678],"iteration":954,"passed_time":2364.533034,"remaining_time":111.4177869},
{"learn":[0.003366803575],"iteration":955,"passed_time":2366.780625,"remaining_time":108.9313258},
{"learn":[0.003365811302],"iteration":956,"passed_time":2369.013154,"remaining_time":106.4446872},
{"learn":[0.003365115684],"iteration":957,"passed_time":2371.250674,"remaining_time":103.9587978},
{"learn":[0.003364899208],"iteration":958,"passed_time":2373.465333,"remaining_time":101.4724491},
{"learn":[0.003364680691],"iteration":959,"passed_time":2375.677472,"remaining_time":98.98656133},
{"learn":[0.00336436134],"iteration":960,"passed_time":2377.951871,"remaining_time":96.50377},
{"learn":[0.003364114696],"iteration":961,"passed_time":2380.162539,"remaining_time":94.01889446},
{"learn":[0.0033637243],"iteration":962,"passed_time":2382.372972,"remaining_time":91.53457942},
{"learn":[0.003363468293],"iteration":963,"passed_time":2384.630954,"remaining_time":89.05260824},
{"learn":[0.003363158503],"iteration":964,"passed_time":2386.931557,"remaining_time":86.57264714},
{"learn":[0.00336286119],"iteration":965,"passed_time":2389.191356,"remaining_time":84.09162122},
{"learn":[0.003362571361],"iteration":966,"passed_time":2391.478694,"remaining_time":81.61199267},
{"learn":[0.00336210004],"iteration":967,"passed_time":2393.760381,"remaining_time":79.13257456},
{"learn":[0.003361454917],"iteration":968,"passed_time":2396.055437,"remaining_time":76.6539923},
{"learn":[0.003361276229],"iteration":969,"passed_time":2398.357604,"remaining_time":74.17600838},
{"learn":[0.00336084721],"iteration":970,"passed_time":2400.620271,"remaining_time":71.69720686},
{"learn":[0.003360679073],"iteration":971,"passed_time":2402.870723,"remaining_time":69.21849818},
{"learn":[0.003360370827],"iteration":972,"passed_time":2405.080418,"remaining_time":66.73912775},
{"learn":[0.003360255256],"iteration":973,"passed_time":2407.313488,"remaining_time":64.26093499},
{"learn":[0.003359821869],"iteration":974,"passed_time":2409.558559,"remaining_time":61.7835528},
{"learn":[0.003359581764],"iteration":975,"passed_time":2411.836591,"remaining_time":59.30745717},
{"learn":[0.00335943387],"iteration":976,"passed_time":2414.081975,"remaining_time":56.83099839},
{"learn":[0.003359079043],"iteration":977,"passed_time":2416.27493,"remaining_time":54.35383277},
{"learn":[0.003358514592],"iteration":978,"passed_time":2418.47432,"remaining_time":51.87738582},
{"learn":[0.003358230613],"iteration":979,"passed_time":2420.665912,"remaining_time":49.40134515},
{"learn":[0.003357948144],"iteration":980,"passed_time":2422.918176,"remaining_time":46.92705947},
{"learn":[0.003357683173],"iteration":981,"passed_time":2425.104555,"remaining_time":44.45201832},
{"learn":[0.003356824971],"iteration":982,"passed_time":2427.494904,"remaining_time":41.98109194},
{"learn":[0.003354668928],"iteration":983,"passed_time":2429.725798,"remaining_time":39.50773655},
{"learn":[0.003354164241],"iteration":984,"passed_time":2431.908344,"remaining_time":37.03413722},
{"learn":[0.003353850073],"iteration":985,"passed_time":2434.158233,"remaining_time":34.56208444},
{"learn":[0.003353542083],"iteration":986,"passed_time":2436.371039,"remaining_time":32.08999342},
{"learn":[0.003353132838],"iteration":987,"passed_time":2438.537125,"remaining_time":29.61785981},
{"learn":[0.003352756706],"iteration":988,"passed_time":2440.837872,"remaining_time":27.14784286},
{"learn":[0.003352545205],"iteration":989,"passed_time":2442.998838,"remaining_time":24.67675594},
{"learn":[0.003351073726],"iteration":990,"passed_time":2445.203862,"remaining_time":22.20669502},
{"learn":[0.003350390662],"iteration":991,"passed_time":2447.427332,"remaining_time":19.73731719},
{"learn":[0.003349878494],"iteration":992,"passed_time":2449.676912,"remaining_time":17.26861872},
{"learn":[0.003349690929],"iteration":993,"passed_time":2451.919438,"remaining_time":14.80031854},
{"learn":[0.003349004328],"iteration":994,"passed_time":2454.105954,"remaining_time":12.33219073},
{"learn":[0.003348809167],"iteration":995,"passed_time":2456.235861,"remaining_time":9.864401049},
{"learn":[0.003348659729],"iteration":996,"passed_time":2458.461096,"remaining_time":7.397576016},
{"learn":[0.003347946635],"iteration":997,"passed_time":2460.787235,"remaining_time":4.931437344},
{"learn":[0.003347673907],"iteration":998,"passed_time":2463.015202,"remaining_time":2.465480683},
{"learn":[0.003347436728],"iteration":999,"passed_time":2465.220635,"remaining_time":0}
]}